<?xml version="1.0" encoding="UTF-8"?>
<sbml xmlns="http://www.sbml.org/sbml/level2" metaid="_000000" level="2" version="1">
  <model metaid="_000001" id="Tyson1991CellModel_6" name="Tyson1991_CellCycle_6var">
    <notes>
      <body xmlns="http://www.w3.org/1999/xhtml">
        <h1>Cell Cycle Model; Tyson (1991, 6 variables)</h1>
	<table border="0" cellpadding="2" cellspacing="0">
          <thead>
            <tr>
              <th align="left" bgcolor="#eeeeee" valign="middle">Citation</th>
            </tr>
          </thead>
          <tbody>
            <tr>
              <td>Tyson JJ, (1991). Modeling the cell division cycle: cdc2 and cyclin interactions.  PNAS, 88: 7328-7332. <a href="http://www.pnas.org/cgi/content/abstract/88/16/7328">http://www.pnas.org/cgi/content/abstract/88/16/7328</a>
</td>
            </tr>
          </tbody>
        </table>
        <table border="0" cellpadding="2" cellspacing="0">
          <thead>
            <tr>
              <th align="left" bgcolor="#eeeeee" valign="middle">Description</th>
            </tr>
          </thead>
          <tbody>
            <tr>
              <td>
                A model of the cell cycle based on the interactions between cdc2 and cyclin. The model has six dynamic variables: C2 (cdc2); CP (cdc2-P complex); pM (P-cyclin-cdc2-P complex); M (active MPF, P-cyclin-cdc2 complex); Y (cyclin); and YP (cyclin-P). Total cyclin concentration (YT) is the sum YT=Y+YP+pM+M4 
              </td>
            </tr>
          </tbody>
        </table>
	<table border="0" cellpadding="2" cellspacing="0">
          <thead>
            <tr>
              <th align="left" bgcolor="#eeeeee" valign="middle">Rate constant      </th>
              <th align="left" bgcolor="#eeeeee" valign="middle">Reaction</th>
            </tr>
          </thead>
          <tbody>
            <tr>
              <td>k1aa = 0.015</td>
              <td>EmptySet -> Y</td>
            </tr>
            <tr>
              <td>k2 = 0</td>
              <td>Y -> EmptySet</td>
            </tr>
            <tr>
              <td>k3 = 200</td>
              <td>CP + Y -> pM</td>
            </tr>
            <tr>
              <td>k4prime + k4*M[t]^2</td>
              <td>pM -> M</td>
            </tr>
            <tr>
              <td>k5notP = 0</td>
              <td>M -> pM</td>
            </tr>
            <tr>
              <td>k6 = 1</td>
              <td>M -> C2 + YP</td>
            </tr>
            <tr>
              <td>k7 = 0.6</td>
              <td>YP -> EmptySet</td>
            </tr>
            <tr>
              <td>k8notP = 1000000</td>
              <td>C2 -> CP</td>
            </tr>
            <tr>
              <td>k9 = 1000</td>
              <td>CP -> C2</td>
            </tr>
          </tbody>
        </table>
        <table border="0" cellpadding="2" cellspacing="0">
          <thead>
            <tr>
              <th align="left" bgcolor="#eeeeee" valign="middle">Variable</th>
              <th align="left" bgcolor="#eeeeee" valign="middle">IC  </th>
              <th align="left" bgcolor="#eeeeee" valign="middle">ODE</th>
            </tr>
          </thead>
          <tbody>
            <tr>
              <td>C2</td>
              <td>0</td>
              <td>C2'[t] == -(k8notP*C2[t]) + k9*CP[t] + k6*M[t]</td>
            </tr>
            <tr>
              <td>CP</td>
              <td>1</td>
              <td>CP'[t] == k8notP*C2[t] - k9*CP[t] - k3*CP[t]*Y[t]</td>
            </tr>
            <tr>
              <td>M</td>
              <td>0</td>
              <td>M'[t] == -(k5notP*M[t]) - k6*M[t] + (k4prime + k4*M[t]^2)*pM[t]</td>
            </tr>
            <tr>
              <td>pM</td>
              <td>0.3</td>
              <td>pM'[t] == k5notP*M[t] - (k4prime + k4*M[t]^2)*pM[t] + k3*CP[t]*Y[t]</td>
            </tr>
            <tr>
              <td>Y</td>
              <td>0</td>
              <td>Y'[t] == k1aa - k2*Y[t] - k3*CP[t]*Y[t]</td>
            </tr>
            <tr>
              <td>YP</td>
              <td>0</td>
              <td>YP'[t] == k6*M[t] - k7*YP[t]</td>
            </tr>
          </tbody>
        </table>
        <p>Generated by Cellerator Version 1.0 update 2.1125 using Mathematica 4.2 for 
				Mac OS X (June 4, 2002), November 27, 2002 12:12:10, using (PowerMac,PowerPC,
				Mac OS X,MacOSX,Darwin)</p>
        <p>author=B.E.Shapiro</p>
      <p>This model originates from BioModels Database: A Database of Annotated Published Models. It is copyright (c) 2005-2006 The BioModels Team.<br/> For more information see the <a href="http://www.ebi.ac.uk/biomodels/legal.html">terms of use</a>.</p>
</body>
    </notes>
    <annotation>
<rdf:RDF xmlns:rdf="http://www.w3.org/1999/02/22-rdf-syntax-ns#" xmlns:dc="http://purl.org/dc/elements/1.1/" xmlns:vCard="http://www.w3.org/2001/vcard-rdf/3.0#" xmlns:dcterms="http://purl.org/dc/terms/" xmlns:bqbiol="http://biomodels.net/biology-qualifiers/" xmlns:bqmodel="http://biomodels.net/model-qualifiers/" >
<rdf:Description rdf:about="#_000001">
<dc:creator rdf:parseType="Resource">
<rdf:Bag>
<rdf:li rdf:parseType="Resource">
<vCard:N rdf:parseType="Resource">
<vCard:Family>Shapiro</vCard:Family>
<vCard:Given>Bruce</vCard:Given>
</vCard:N>
<vCard:EMAIL>bshapiro@jpl.nasa.gov</vCard:EMAIL>
<vCard:ORG>
<vCard:Orgname>NASA Jet Propulsion Laboratory</vCard:Orgname>
</vCard:ORG>
</rdf:li>
</rdf:Bag>
</dc:creator>
<dcterms:created rdf:parseType="Resource">
<dcterms:W3CDTF>2005-02-08T18:28:27</dcterms:W3CDTF>
</dcterms:created>
<dcterms:modified rdf:parseType="Resource">
<dcterms:W3CDTF>2007-05-15T18:24:25</dcterms:W3CDTF>
</dcterms:modified>
<bqmodel:is>
<rdf:Bag>
<rdf:li rdf:resource="http://www.ebi.ac.uk/biomodels/#BIOMD0000000005"/>
</rdf:Bag>
</bqmodel:is>
<bqmodel:isDescribedBy>
<rdf:Bag>
<rdf:li rdf:resource="http://www.pubmed.gov/#1831270"/>
</rdf:Bag>
</bqmodel:isDescribedBy>
<bqbiol:hasVersion>
<rdf:Bag>
<rdf:li rdf:resource="http://www.reactome.org/#REACT_152"/>
</rdf:Bag>
</bqbiol:hasVersion>
<bqbiol:isVersionOf>
<rdf:Bag>
<rdf:li rdf:resource="http://www.geneontology.org/#GO:0000278"/>
<rdf:li rdf:resource="http://www.genome.jp/kegg/pathway/#sce04111"/>
</rdf:Bag>
</bqbiol:isVersionOf>
<bqmodel:is>
<rdf:Bag>
<rdf:li rdf:resource="http://www.taxonomy.org/#33154"/>
</rdf:Bag>
</bqmodel:is>
</rdf:Description>
</rdf:RDF>
</annotation>

    <listOfCompartments>
      <compartment metaid="_000002" id="cell">
        <annotation>
<rdf:RDF xmlns:rdf="http://www.w3.org/1999/02/22-rdf-syntax-ns#" xmlns:bqbiol="http://biomodels.net/biology-qualifiers/" xmlns:bqmodel="http://biomodels.net/model-qualifiers/" >
<rdf:Description rdf:about="#_000002">
<bqbiol:is>
<rdf:Bag>
<rdf:li rdf:resource="http://www.geneontology.org/#GO:0005623"/>
</rdf:Bag>
</bqbiol:is>
</rdf:Description>
</rdf:RDF>
</annotation>

      </compartment>
    </listOfCompartments>
    <listOfSpecies>
      <species metaid="_000003" id="EmptySet" compartment="cell" initialAmount="0" hasOnlySubstanceUnits="true" boundaryCondition="true"/>
      <species metaid="_000004" id="C2" name="cdc2k" compartment="cell" initialAmount="0" hasOnlySubstanceUnits="true">
        <annotation>
<rdf:RDF xmlns:rdf="http://www.w3.org/1999/02/22-rdf-syntax-ns#" xmlns:bqbiol="http://biomodels.net/biology-qualifiers/" xmlns:bqmodel="http://biomodels.net/model-qualifiers/" >
<rdf:Description rdf:about="#_000004">
<bqbiol:isVersionOf>
<rdf:Bag>
<rdf:li rdf:resource="http://www.uniprot.org/#P04551"/>
</rdf:Bag>
</bqbiol:isVersionOf>
</rdf:Description>
</rdf:RDF>
</annotation>

      </species>
      <species metaid="_000005" id="CP" name="cdc2k-P" compartment="cell" initialAmount="1" hasOnlySubstanceUnits="true">
        <annotation>
<rdf:RDF xmlns:rdf="http://www.w3.org/1999/02/22-rdf-syntax-ns#" xmlns:bqbiol="http://biomodels.net/biology-qualifiers/" xmlns:bqmodel="http://biomodels.net/model-qualifiers/" >
<rdf:Description rdf:about="#_000005">
<bqbiol:isVersionOf>
<rdf:Bag>
<rdf:li rdf:resource="http://www.uniprot.org/#P04551"/>
</rdf:Bag>
</bqbiol:isVersionOf>
</rdf:Description>
</rdf:RDF>
</annotation>

      </species>
      <species metaid="_000006" id="M" name="p-cyclin_cdc2" compartment="cell" initialAmount="0" hasOnlySubstanceUnits="true">
        <annotation>
<rdf:RDF xmlns:rdf="http://www.w3.org/1999/02/22-rdf-syntax-ns#" xmlns:bqbiol="http://biomodels.net/biology-qualifiers/" xmlns:bqmodel="http://biomodels.net/model-qualifiers/" >
<rdf:Description rdf:about="#_000006">
<bqbiol:hasPart>
<rdf:Bag>
<rdf:li rdf:resource="http://www.ebi.ac.uk/interpro/#IPR006670"/>
<rdf:li rdf:resource="http://www.uniprot.org/#P04551"/>
</rdf:Bag>
</bqbiol:hasPart>
</rdf:Description>
</rdf:RDF>
</annotation>

      </species>
      <species metaid="_000007" id="pM" name="p-cyclin_cdc2-p" compartment="cell" initialAmount="0.3" hasOnlySubstanceUnits="true">
        <annotation>
<rdf:RDF xmlns:rdf="http://www.w3.org/1999/02/22-rdf-syntax-ns#" xmlns:bqbiol="http://biomodels.net/biology-qualifiers/" xmlns:bqmodel="http://biomodels.net/model-qualifiers/" >
<rdf:Description rdf:about="#_000007">
<bqbiol:hasPart>
<rdf:Bag>
<rdf:li rdf:resource="http://www.ebi.ac.uk/interpro/#IPR006670"/>
<rdf:li rdf:resource="http://www.uniprot.org/#P04551"/>
</rdf:Bag>
</bqbiol:hasPart>
</rdf:Description>
</rdf:RDF>
</annotation>

      </species>
      <species metaid="_000008" id="Y" name="cyclin" compartment="cell" initialAmount="0" hasOnlySubstanceUnits="true">
        <annotation>
<rdf:RDF xmlns:rdf="http://www.w3.org/1999/02/22-rdf-syntax-ns#" xmlns:bqbiol="http://biomodels.net/biology-qualifiers/" xmlns:bqmodel="http://biomodels.net/model-qualifiers/" >
<rdf:Description rdf:about="#_000008">
<bqbiol:isVersionOf>
<rdf:Bag>
<rdf:li rdf:resource="http://www.ebi.ac.uk/interpro/#IPR006670"/>
</rdf:Bag>
</bqbiol:isVersionOf>
</rdf:Description>
</rdf:RDF>
</annotation>

      </species>
      <species metaid="_000009" id="YP" name="p-cyclin" compartment="cell" initialAmount="0" hasOnlySubstanceUnits="true">
        <annotation>
<rdf:RDF xmlns:rdf="http://www.w3.org/1999/02/22-rdf-syntax-ns#" xmlns:bqbiol="http://biomodels.net/biology-qualifiers/" xmlns:bqmodel="http://biomodels.net/model-qualifiers/" >
<rdf:Description rdf:about="#_000009">
<bqbiol:isVersionOf>
<rdf:Bag>
<rdf:li rdf:resource="http://www.ebi.ac.uk/interpro/#IPR006670"/>
</rdf:Bag>
</bqbiol:isVersionOf>
</rdf:Description>
</rdf:RDF>
</annotation>

      </species>
    </listOfSpecies>
    <listOfReactions>
      <reaction metaid="_000010" id="Reaction1" name="cyclin_cdc2k dissociation" reversible="false">
        <annotation>
<rdf:RDF xmlns:rdf="http://www.w3.org/1999/02/22-rdf-syntax-ns#" xmlns:bqbiol="http://biomodels.net/biology-qualifiers/" xmlns:bqmodel="http://biomodels.net/model-qualifiers/" >
<rdf:Description rdf:about="#_000010">
<bqbiol:isVersionOf>
<rdf:Bag>
<rdf:li rdf:resource="http://www.geneontology.org/#GO:0000079"/>
</rdf:Bag>
</bqbiol:isVersionOf>
<bqbiol:hasVersion>
<rdf:Bag>
<rdf:li rdf:resource="http://www.reactome.org/#REACT_6308"/>
</rdf:Bag>
</bqbiol:hasVersion>
</rdf:Description>
</rdf:RDF>
</annotation>

        <listOfReactants>
          <speciesReference species="M"/>
        </listOfReactants>
        <listOfProducts>
          <speciesReference species="C2"/>
          <speciesReference species="YP"/>
        </listOfProducts>
        <kineticLaw>
          <math xmlns="http://www.w3.org/1998/Math/MathML">
            <apply>
              <times/>
              <ci> k6 </ci>
              <ci> M </ci>
            </apply>
          </math>
          <listOfParameters>
            <parameter id="k6" value="1"/>
          </listOfParameters>
        </kineticLaw>
      </reaction>
      <reaction metaid="_000011" id="Reaction2" name="cdc2k phosphorylation" reversible="false">
        <annotation>
<rdf:RDF xmlns:rdf="http://www.w3.org/1999/02/22-rdf-syntax-ns#" xmlns:bqbiol="http://biomodels.net/biology-qualifiers/" xmlns:bqmodel="http://biomodels.net/model-qualifiers/" >
<rdf:Description rdf:about="#_000011">
<bqbiol:isVersionOf>
<rdf:Bag>
<rdf:li rdf:resource="http://www.ebi.ac.uk/IntEnz/#2.7.11.1"/>
<rdf:li rdf:resource="http://www.geneontology.org/#GO:0006468"/>
</rdf:Bag>
</bqbiol:isVersionOf>
</rdf:Description>
</rdf:RDF>
</annotation>

        <listOfReactants>
          <speciesReference species="C2"/>
        </listOfReactants>
        <listOfProducts>
          <speciesReference species="CP"/>
        </listOfProducts>
        <kineticLaw>
          <math xmlns="http://www.w3.org/1998/Math/MathML">
            <apply>
              <times/>
              <ci> C2 </ci>
              <ci> k8notP </ci>
            </apply>
          </math>
          <listOfParameters>
            <parameter id="k8notP" value="1000000"/>
          </listOfParameters>
        </kineticLaw>
      </reaction>
      <reaction metaid="_000012" id="Reaction3" name="cdc2k dephosphorylation" reversible="false">
        <annotation>
<rdf:RDF xmlns:rdf="http://www.w3.org/1999/02/22-rdf-syntax-ns#" xmlns:bqbiol="http://biomodels.net/biology-qualifiers/" xmlns:bqmodel="http://biomodels.net/model-qualifiers/" >
<rdf:Description rdf:about="#_000012">
<bqbiol:isVersionOf>
<rdf:Bag>
<rdf:li rdf:resource="http://www.ebi.ac.uk/IntEnz/#3.1.3.16"/>
<rdf:li rdf:resource="http://www.geneontology.org/#GO:0006470"/>
</rdf:Bag>
</bqbiol:isVersionOf>
</rdf:Description>
</rdf:RDF>
</annotation>

        <listOfReactants>
          <speciesReference species="CP"/>
        </listOfReactants>
        <listOfProducts>
          <speciesReference species="C2"/>
        </listOfProducts>
        <kineticLaw>
          <math xmlns="http://www.w3.org/1998/Math/MathML">
            <apply>
              <times/>
              <ci> CP </ci>
              <ci> k9 </ci>
            </apply>
          </math>
          <listOfParameters>
            <parameter id="k9" value="1000"/>
          </listOfParameters>
        </kineticLaw>
      </reaction>
      <reaction metaid="_000013" id="Reaction4" name="cyclin cdc2k-p association" reversible="false">
        <annotation>
<rdf:RDF xmlns:rdf="http://www.w3.org/1999/02/22-rdf-syntax-ns#" xmlns:bqbiol="http://biomodels.net/biology-qualifiers/" xmlns:bqmodel="http://biomodels.net/model-qualifiers/" >
<rdf:Description rdf:about="#_000013">
<bqbiol:hasVersion>
<rdf:Bag>
<rdf:li rdf:resource="http://www.reactome.org/#REACT_6308"/>
<rdf:li rdf:resource="http://www.reactome.org/#REACT_6216"/>
</rdf:Bag>
</bqbiol:hasVersion>
</rdf:Description>
</rdf:RDF>
</annotation>

        <listOfReactants>
          <speciesReference species="CP"/>
          <speciesReference species="Y"/>
        </listOfReactants>
        <listOfProducts>
          <speciesReference species="pM"/>
        </listOfProducts>
        <kineticLaw>
          <math xmlns="http://www.w3.org/1998/Math/MathML">
            <apply>
              <times/>
              <ci> CP </ci>
              <ci> k3 </ci>
              <ci> Y </ci>
            </apply>
          </math>
          <listOfParameters>
            <parameter id="k3" value="200"/>
          </listOfParameters>
        </kineticLaw>
      </reaction>
      <reaction metaid="_000014" id="Reaction5" name="deactivation of cdc2 kinase" reversible="false">
        <annotation>
<rdf:RDF xmlns:rdf="http://www.w3.org/1999/02/22-rdf-syntax-ns#" xmlns:bqbiol="http://biomodels.net/biology-qualifiers/" xmlns:bqmodel="http://biomodels.net/model-qualifiers/" >
<rdf:Description rdf:about="#_000014">
<bqbiol:isVersionOf>
<rdf:Bag>
<rdf:li rdf:resource="http://www.ebi.ac.uk/IntEnz/#2.7.10.2"/>
<rdf:li rdf:resource="http://www.geneontology.org/#GO:0045736"/>
<rdf:li rdf:resource="http://www.geneontology.org/#GO:0006468"/>
</rdf:Bag>
</bqbiol:isVersionOf>
<bqbiol:hasVersion>
<rdf:Bag>
<rdf:li rdf:resource="http://www.reactome.org/#REACT_6327"/>
<rdf:li rdf:resource="http://www.reactome.org/#REACT_3178"/>
</rdf:Bag>
</bqbiol:hasVersion>
</rdf:Description>
</rdf:RDF>
</annotation>

        <listOfReactants>
          <speciesReference species="M"/>
        </listOfReactants>
        <listOfProducts>
          <speciesReference species="pM"/>
        </listOfProducts>
        <kineticLaw>
          <math xmlns="http://www.w3.org/1998/Math/MathML">
            <apply>
              <times/>
              <ci> k5notP </ci>
              <ci> M </ci>
            </apply>
          </math>
          <listOfParameters>
            <parameter id="k5notP" value="0"/>
          </listOfParameters>
        </kineticLaw>
      </reaction>
      <reaction metaid="_000015" id="Reaction6" name="cyclin biosynthesis" reversible="false">
        <annotation>
<rdf:RDF xmlns:rdf="http://www.w3.org/1999/02/22-rdf-syntax-ns#" xmlns:bqbiol="http://biomodels.net/biology-qualifiers/" xmlns:bqmodel="http://biomodels.net/model-qualifiers/" >
<rdf:Description rdf:about="#_000015">
<bqbiol:isVersionOf>
<rdf:Bag>
<rdf:li rdf:resource="http://www.geneontology.org/#GO:0043037"/>
</rdf:Bag>
</bqbiol:isVersionOf>
</rdf:Description>
</rdf:RDF>
</annotation>

        <listOfReactants>
          <speciesReference species="EmptySet"/>
        </listOfReactants>
        <listOfProducts>
          <speciesReference species="Y"/>
        </listOfProducts>
        <kineticLaw>
          <math xmlns="http://www.w3.org/1998/Math/MathML">
            <ci> k1aa </ci>
          </math>
          <listOfParameters>
            <parameter id="k1aa" value="0.015"/>
          </listOfParameters>
        </kineticLaw>
      </reaction>
      <reaction metaid="_000016" id="Reaction7" name="default degradation of cyclin" reversible="false">
        <annotation>
<rdf:RDF xmlns:rdf="http://www.w3.org/1999/02/22-rdf-syntax-ns#" xmlns:bqbiol="http://biomodels.net/biology-qualifiers/" xmlns:bqmodel="http://biomodels.net/model-qualifiers/" >
<rdf:Description rdf:about="#_000016">
<bqbiol:isVersionOf>
<rdf:Bag>
<rdf:li rdf:resource="http://www.geneontology.org/#GO:0008054"/>
</rdf:Bag>
</bqbiol:isVersionOf>
</rdf:Description>
</rdf:RDF>
</annotation>

        <listOfReactants>
          <speciesReference species="Y"/>
        </listOfReactants>
        <listOfProducts>
          <speciesReference species="EmptySet"/>
        </listOfProducts>
        <kineticLaw>
          <math xmlns="http://www.w3.org/1998/Math/MathML">
            <apply>
              <times/>
              <ci> k2 </ci>
              <ci> Y </ci>
            </apply>
          </math>
          <listOfParameters>
            <parameter id="k2" value="0"/>
          </listOfParameters>
        </kineticLaw>
      </reaction>
      <reaction metaid="_000017" id="Reaction8" name="cdc2 kinase triggered degration of cyclin" reversible="false">
        <annotation>
<rdf:RDF xmlns:rdf="http://www.w3.org/1999/02/22-rdf-syntax-ns#" xmlns:bqbiol="http://biomodels.net/biology-qualifiers/" xmlns:bqmodel="http://biomodels.net/model-qualifiers/" >
<rdf:Description rdf:about="#_000017">
<bqbiol:isVersionOf>
<rdf:Bag>
<rdf:li rdf:resource="http://www.geneontology.org/#GO:0008054"/>
</rdf:Bag>
</bqbiol:isVersionOf>
</rdf:Description>
</rdf:RDF>
</annotation>

        <listOfReactants>
          <speciesReference species="YP"/>
        </listOfReactants>
        <listOfProducts>
          <speciesReference species="EmptySet"/>
        </listOfProducts>
        <kineticLaw>
          <math xmlns="http://www.w3.org/1998/Math/MathML">
            <apply>
              <times/>
              <ci> k7 </ci>
              <ci> YP </ci>
            </apply>
          </math>
          <listOfParameters>
            <parameter id="k7" value="0.6"/>
          </listOfParameters>
        </kineticLaw>
      </reaction>
      <reaction metaid="_000018" id="Reaction9" name="activation of cdc2 kinase" reversible="false">
        <annotation>
<rdf:RDF xmlns:rdf="http://www.w3.org/1999/02/22-rdf-syntax-ns#" xmlns:bqbiol="http://biomodels.net/biology-qualifiers/" xmlns:bqmodel="http://biomodels.net/model-qualifiers/" >
<rdf:Description rdf:about="#_000018">
<bqbiol:isVersionOf>
<rdf:Bag>
<rdf:li rdf:resource="http://www.ebi.ac.uk/IntEnz/#3.1.3.16"/>
<rdf:li rdf:resource="http://www.geneontology.org/#GO:0045737"/>
<rdf:li rdf:resource="http://www.geneontology.org/#GO:0006470"/>
</rdf:Bag>
</bqbiol:isVersionOf>
<bqbiol:hasVersion>
<rdf:Bag>
<rdf:li rdf:resource="http://www.reactome.org/#REACT_6294"/>
<rdf:li rdf:resource="http://www.reactome.org/#REACT_6175"/>
<rdf:li rdf:resource="http://www.reactome.org/#REACT_6257"/>
</rdf:Bag>
</bqbiol:hasVersion>
</rdf:Description>
</rdf:RDF>
</annotation>

        <listOfReactants>
          <speciesReference species="pM"/>
        </listOfReactants>
        <listOfProducts>
          <speciesReference species="M"/>
        </listOfProducts>
        <kineticLaw>
          <math xmlns="http://www.w3.org/1998/Math/MathML">
            <apply>
              <times/>
              <ci> pM </ci>
              <apply>
                <plus/>
                <ci> k4prime </ci>
                <apply>
                  <times/>
                  <ci> k4 </ci>
                  <apply>
                    <power/>
                    <ci> M </ci>
                    <cn type="integer"> 2 </cn>
                  </apply>
                </apply>
              </apply>
            </apply>
          </math>
          <listOfParameters>
            <parameter id="k4" value="180"/>
            <parameter id="k4prime" value="0.018"/>
          </listOfParameters>
        </kineticLaw>
      </reaction>
    </listOfReactions>
  </model>
</sbml>
