<?xml version='1.0' encoding='ASCII'?>
<!-- Generated 19 June 2009 at 14:38 GMT-06:60 -->
<!-- Generated by CelleratorML 1.0.5 (19 June 2009) -->
<!-- Generated using Mathematica Version 7.0 for Linux x86 (64-bit) (February 18, 2009) (Release 1)-->
<CellzillaML Version='1.0'>
 <ModelAnnotation>
  <CreationTime>2009-06-19T14:38:08</CreationTime>
  <MathematicaVersion>7.0 for Linux x86 (64-bit) (February 18, 2009)</MathematicaVersion>
  <MathematicaVersionNumber>7.</MathematicaVersionNumber>
  <MathematicaReleaseNumber>1</MathematicaReleaseNumber>
  <OperatingSystem>Linux x86 (64-bit)</OperatingSystem>
  <CharacterEncoding>ISO8859-1</CharacterEncoding>
  <Creator>mathman</Creator>
  <SoftwareTool>CelleratorML 1.0.5 (19 June 2009)</SoftwareTool>
  <Description>
   <Text>This is a CellzillaML (XML) file.</Text>
  </Description>
 </ModelAnnotation>
 <CellzillaModel Name='CellzillaModel'>
  <ListOfCelleratorModels>
   <CelleratorModel>RingOscillator.xml</CelleratorModel>
  </ListOfCelleratorModels>
  <ListOfDiffusingSpecies>
   <DiffusingSpecies Identifier='X'
       Rate='DX' />
   <DiffusingSpecies Identifier='Y'
       Rate='DY' />
   <DiffusingSpecies Identifier='Z'
       Rate='DZ' />
  </ListOfDiffusingSpecies>
  <ListOfCellzillaParameters>
   <Parameter Identifier='DX'
       Value='10' />
   <Parameter Identifier='DY'
       Value='11' />
   <Parameter Identifier='DZ'
       Value='9' />
  </ListOfCellzillaParameters>
  <ListOfCellzillaIC>
   <CellzillaIC Identifier='X'>
    <math xmlns='http://www.w3.org/1998/Math/MathML'>
     <list>
      <cn type='real'>0.5998763682770472</cn>
      <cn type='real'>0.5507844278407008</cn>
      <cn type='real'>0.8936456933328998</cn>
      <cn type='real'>0.9660478969548993</cn>
      <cn type='real'>2.3261966998107484</cn>
      <cn type='real'>0.07764487753105476</cn>
      <cn type='real'>0.9735635044724065</cn>
      <cn type='real'>1.4848976066175004</cn>
      <cn type='real'>2.3247205128863904</cn>
      <cn type='real'>0.27135383014705816</cn>
     </list>
    </math>
   </CellzillaIC>
   <CellzillaIC Identifier='XP'>
    <math xmlns='http://www.w3.org/1998/Math/MathML'>
     <list>
      <cn type='integer'>0</cn>
      <cn type='integer'>0</cn>
      <cn type='integer'>0</cn>
      <cn type='integer'>0</cn>
      <cn type='integer'>0</cn>
      <cn type='integer'>0</cn>
      <cn type='integer'>0</cn>
      <cn type='integer'>0</cn>
      <cn type='integer'>0</cn>
      <cn type='integer'>0</cn>
     </list>
    </math>
   </CellzillaIC>
   <CellzillaIC Identifier='Y'>
    <math xmlns='http://www.w3.org/1998/Math/MathML'>
     <list>
      <cn type='real'>1.7842698344148165</cn>
      <cn type='real'>0.0414887938957742</cn>
      <cn type='real'>1.147111243871774</cn>
      <cn type='real'>2.5193563412990816</cn>
      <cn type='real'>1.4628651569451332</cn>
      <cn type='real'>0.33097576373514936</cn>
      <cn type='real'>1.7028695790103603</cn>
      <cn type='real'>2.6606966794693987</cn>
      <cn type='real'>1.4751846416684877</cn>
      <cn type='real'>0.18321091387488408</cn>
     </list>
    </math>
   </CellzillaIC>
   <CellzillaIC Identifier='YP'>
    <math xmlns='http://www.w3.org/1998/Math/MathML'>
     <list>
      <cn type='integer'>0</cn>
      <cn type='integer'>0</cn>
      <cn type='integer'>0</cn>
      <cn type='integer'>0</cn>
      <cn type='integer'>0</cn>
      <cn type='integer'>0</cn>
      <cn type='integer'>0</cn>
      <cn type='integer'>0</cn>
      <cn type='integer'>0</cn>
      <cn type='integer'>0</cn>
     </list>
    </math>
   </CellzillaIC>
   <CellzillaIC Identifier='Z'>
    <math xmlns='http://www.w3.org/1998/Math/MathML'>
     <list>
      <cn type='real'>0.8712176983572824</cn>
      <cn type='real'>0.5698835581658432</cn>
      <cn type='real'>1.9723530989797275</cn>
      <cn type='real'>1.5457562458385556</cn>
      <cn type='real'>2.2838300919843757</cn>
      <cn type='real'>0.24278900228363298</cn>
      <cn type='real'>0.5529967191195371</cn>
      <cn type='real'>2.1630252320428234</cn>
      <cn type='real'>1.0155290368613201</cn>
      <cn type='real'>1.8897567306900829</cn>
     </list>
    </math>
   </CellzillaIC>
   <CellzillaIC Identifier='ZP'>
    <math xmlns='http://www.w3.org/1998/Math/MathML'>
     <list>
      <cn type='integer'>0</cn>
      <cn type='integer'>0</cn>
      <cn type='integer'>0</cn>
      <cn type='integer'>0</cn>
      <cn type='integer'>0</cn>
      <cn type='integer'>0</cn>
      <cn type='integer'>0</cn>
      <cn type='integer'>0</cn>
      <cn type='integer'>0</cn>
      <cn type='integer'>0</cn>
     </list>
    </math>
   </CellzillaIC>
  </ListOfCellzillaIC>
  <Tissue Dimension='2'>
   <Vertices Dimension='2'>
    <math xmlns='http://www.w3.org/1998/Math/MathML'>
     <list>
      <list>
       <cn type='real'>-15.148929333300346</cn>
       <cn type='real'>17.932819513551138</cn>
      </list>
      <list>
       <cn type='real'>-12.645420677825772</cn>
       <cn type='real'>13.41246818861711</cn>
      </list>
      <list>
       <cn type='real'>-10.373705198199973</cn>
       <cn type='real'>43.0588209662153</cn>
      </list>
      <list>
       <cn type='real'>-7.551998892677145</cn>
       <cn type='real'>68.3020727895957</cn>
      </list>
      <list>
       <cn type='real'>-6.6024013520078</cn>
       <cn type='real'>94.24319070044984</cn>
      </list>
      <list>
       <cn type='real'>-2.5434598088642764</cn>
       <cn type='real'>98.75730252735441</cn>
      </list>
      <list>
       <cn type='real'>-0.3224182815549741</cn>
       <cn type='real'>57.94765942450702</cn>
      </list>
      <list>
       <cn type='real'>0.13820917458910778</cn>
       <cn type='real'>52.607485365557835</cn>
      </list>
      <list>
       <cn type='real'>13.049583057740165</cn>
       <cn type='real'>68.92575065656052</cn>
      </list>
      <list>
       <cn type='real'>14.34488305674411</cn>
       <cn type='real'>5.138675601111407</cn>
      </list>
      <list>
       <cn type='real'>16.218462631004943</cn>
       <cn type='real'>5.802168087379311</cn>
      </list>
      <list>
       <cn type='real'>17.85919325643929</cn>
       <cn type='real'>9.178301932714062</cn>
      </list>
      <list>
       <cn type='real'>22.439563435332516</cn>
       <cn type='real'>95.7940216118814</cn>
      </list>
      <list>
       <cn type='real'>23.713077361498357</cn>
       <cn type='real'>38.02521902673356</cn>
      </list>
      <list>
       <cn type='real'>30.937922092851654</cn>
       <cn type='real'>98.69431894092774</cn>
      </list>
      <list>
       <cn type='real'>37.5010271802059</cn>
       <cn type='real'>-12.113775414178791</cn>
      </list>
      <list>
       <cn type='real'>43.12288021460166</cn>
       <cn type='real'>-11.731349945337508</cn>
      </list>
      <list>
       <cn type='real'>44.206092577928935</cn>
       <cn type='real'>44.31086644899504</cn>
      </list>
      <list>
       <cn type='real'>46.507678771437355</cn>
       <cn type='real'>90.8238526443561</cn>
      </list>
      <list>
       <cn type='real'>46.52715180674327</cn>
       <cn type='real'>70.05335409398988</cn>
      </list>
      <list>
       <cn type='real'>51.60858123753698</cn>
       <cn type='real'>15.567682621412112</cn>
      </list>
      <list>
       <cn type='real'>52.40262922071465</cn>
       <cn type='real'>52.33909026072397</cn>
      </list>
      <list>
       <cn type='real'>52.42059122500757</cn>
       <cn type='real'>14.562074400583029</cn>
      </list>
      <list>
       <cn type='real'>59.32806348219641</cn>
       <cn type='real'>98.2474241468266</cn>
      </list>
      <list>
       <cn type='real'>59.866760700731575</cn>
       <cn type='real'>0.08403025883408657</cn>
      </list>
      <list>
       <cn type='real'>60.786752823837986</cn>
       <cn type='real'>2.0184281281864718</cn>
      </list>
      <list>
       <cn type='real'>63.3030851385421</cn>
       <cn type='real'>106.20171956105109</cn>
      </list>
      <list>
       <cn type='real'>76.85536366312569</cn>
       <cn type='real'>49.11755102567152</cn>
      </list>
      <list>
       <cn type='real'>77.83678915076175</cn>
       <cn type='real'>9.573911818681449</cn>
      </list>
      <list>
       <cn type='real'>77.86888346780731</cn>
       <cn type='real'>49.813767573468404</cn>
      </list>
      <list>
       <cn type='real'>78.65690990232787</cn>
       <cn type='real'>38.85108653199292</cn>
      </list>
      <list>
       <cn type='real'>83.62141490704599</cn>
       <cn type='real'>17.702044613912392</cn>
      </list>
      <list>
       <cn type='real'>89.1234188553173</cn>
       <cn type='real'>78.28788837912111</cn>
      </list>
      <list>
       <cn type='real'>92.00081868684931</cn>
       <cn type='real'>79.9342886969305</cn>
      </list>
      <list>
       <cn type='real'>96.13211697520838</cn>
       <cn type='real'>112.52179170178191</cn>
      </list>
      <list>
       <cn type='real'>97.48678326750911</cn>
       <cn type='real'>111.10970802306424</cn>
      </list>
     </list>
    </math>
   </Vertices>
   <Edges>
    <math xmlns='http://www.w3.org/1998/Math/MathML'>
     <list>
      <list>
       <cn type='integer'>1</cn>
       <cn type='integer'>2</cn>
      </list>
      <list>
       <cn type='integer'>1</cn>
       <cn type='integer'>3</cn>
      </list>
      <list>
       <cn type='integer'>2</cn>
       <cn type='integer'>10</cn>
      </list>
      <list>
       <cn type='integer'>3</cn>
       <cn type='integer'>8</cn>
      </list>
      <list>
       <cn type='integer'>4</cn>
       <cn type='integer'>5</cn>
      </list>
      <list>
       <cn type='integer'>4</cn>
       <cn type='integer'>7</cn>
      </list>
      <list>
       <cn type='integer'>5</cn>
       <cn type='integer'>6</cn>
      </list>
      <list>
       <cn type='integer'>6</cn>
       <cn type='integer'>13</cn>
      </list>
      <list>
       <cn type='integer'>7</cn>
       <cn type='integer'>8</cn>
      </list>
      <list>
       <cn type='integer'>7</cn>
       <cn type='integer'>9</cn>
      </list>
      <list>
       <cn type='integer'>8</cn>
       <cn type='integer'>14</cn>
      </list>
      <list>
       <cn type='integer'>9</cn>
       <cn type='integer'>13</cn>
      </list>
      <list>
       <cn type='integer'>9</cn>
       <cn type='integer'>20</cn>
      </list>
      <list>
       <cn type='integer'>10</cn>
       <cn type='integer'>11</cn>
      </list>
      <list>
       <cn type='integer'>11</cn>
       <cn type='integer'>12</cn>
      </list>
      <list>
       <cn type='integer'>11</cn>
       <cn type='integer'>16</cn>
      </list>
      <list>
       <cn type='integer'>12</cn>
       <cn type='integer'>14</cn>
      </list>
      <list>
       <cn type='integer'>12</cn>
       <cn type='integer'>21</cn>
      </list>
      <list>
       <cn type='integer'>13</cn>
       <cn type='integer'>15</cn>
      </list>
      <list>
       <cn type='integer'>14</cn>
       <cn type='integer'>18</cn>
      </list>
      <list>
       <cn type='integer'>15</cn>
       <cn type='integer'>19</cn>
      </list>
      <list>
       <cn type='integer'>16</cn>
       <cn type='integer'>17</cn>
      </list>
      <list>
       <cn type='integer'>17</cn>
       <cn type='integer'>25</cn>
      </list>
      <list>
       <cn type='integer'>18</cn>
       <cn type='integer'>21</cn>
      </list>
      <list>
       <cn type='integer'>18</cn>
       <cn type='integer'>22</cn>
      </list>
      <list>
       <cn type='integer'>19</cn>
       <cn type='integer'>20</cn>
      </list>
      <list>
       <cn type='integer'>19</cn>
       <cn type='integer'>24</cn>
      </list>
      <list>
       <cn type='integer'>20</cn>
       <cn type='integer'>22</cn>
      </list>
      <list>
       <cn type='integer'>21</cn>
       <cn type='integer'>23</cn>
      </list>
      <list>
       <cn type='integer'>22</cn>
       <cn type='integer'>28</cn>
      </list>
      <list>
       <cn type='integer'>23</cn>
       <cn type='integer'>26</cn>
      </list>
      <list>
       <cn type='integer'>23</cn>
       <cn type='integer'>31</cn>
      </list>
      <list>
       <cn type='integer'>24</cn>
       <cn type='integer'>27</cn>
      </list>
      <list>
       <cn type='integer'>24</cn>
       <cn type='integer'>33</cn>
      </list>
      <list>
       <cn type='integer'>25</cn>
       <cn type='integer'>26</cn>
      </list>
      <list>
       <cn type='integer'>26</cn>
       <cn type='integer'>29</cn>
      </list>
      <list>
       <cn type='integer'>27</cn>
       <cn type='integer'>35</cn>
      </list>
      <list>
       <cn type='integer'>28</cn>
       <cn type='integer'>30</cn>
      </list>
      <list>
       <cn type='integer'>28</cn>
       <cn type='integer'>31</cn>
      </list>
      <list>
       <cn type='integer'>29</cn>
       <cn type='integer'>32</cn>
      </list>
      <list>
       <cn type='integer'>30</cn>
       <cn type='integer'>33</cn>
      </list>
      <list>
       <cn type='integer'>31</cn>
       <cn type='integer'>32</cn>
      </list>
      <list>
       <cn type='integer'>33</cn>
       <cn type='integer'>34</cn>
      </list>
      <list>
       <cn type='integer'>34</cn>
       <cn type='integer'>36</cn>
      </list>
      <list>
       <cn type='integer'>35</cn>
       <cn type='integer'>36</cn>
      </list>
     </list>
    </math>
   </Edges>
   <Cells>
    <math xmlns='http://www.w3.org/1998/Math/MathML'>
     <list>
      <list>
       <cn type='integer'>2</cn>
       <cn type='integer'>1</cn>
       <cn type='integer'>3</cn>
       <cn type='integer'>14</cn>
       <cn type='integer'>15</cn>
       <cn type='integer'>17</cn>
       <cn type='integer'>11</cn>
       <cn type='integer'>4</cn>
      </list>
      <list>
       <cn type='integer'>10</cn>
       <cn type='integer'>9</cn>
       <cn type='integer'>11</cn>
       <cn type='integer'>20</cn>
       <cn type='integer'>25</cn>
       <cn type='integer'>28</cn>
       <cn type='integer'>13</cn>
      </list>
      <list>
       <cn type='integer'>15</cn>
       <cn type='integer'>16</cn>
       <cn type='integer'>22</cn>
       <cn type='integer'>23</cn>
       <cn type='integer'>35</cn>
       <cn type='integer'>31</cn>
       <cn type='integer'>29</cn>
       <cn type='integer'>18</cn>
      </list>
      <list>
       <cn type='integer'>33</cn>
       <cn type='integer'>34</cn>
       <cn type='integer'>43</cn>
       <cn type='integer'>44</cn>
       <cn type='integer'>45</cn>
       <cn type='integer'>37</cn>
      </list>
      <list>
       <cn type='integer'>31</cn>
       <cn type='integer'>36</cn>
       <cn type='integer'>40</cn>
       <cn type='integer'>42</cn>
       <cn type='integer'>32</cn>
      </list>
      <list>
       <cn type='integer'>17</cn>
       <cn type='integer'>18</cn>
       <cn type='integer'>24</cn>
       <cn type='integer'>20</cn>
      </list>
      <list>
       <cn type='integer'>12</cn>
       <cn type='integer'>13</cn>
       <cn type='integer'>26</cn>
       <cn type='integer'>21</cn>
       <cn type='integer'>19</cn>
      </list>
      <list>
       <cn type='integer'>24</cn>
       <cn type='integer'>29</cn>
       <cn type='integer'>32</cn>
       <cn type='integer'>39</cn>
       <cn type='integer'>30</cn>
       <cn type='integer'>25</cn>
      </list>
      <list>
       <cn type='integer'>26</cn>
       <cn type='integer'>28</cn>
       <cn type='integer'>30</cn>
       <cn type='integer'>38</cn>
       <cn type='integer'>41</cn>
       <cn type='integer'>34</cn>
       <cn type='integer'>27</cn>
      </list>
      <list>
       <cn type='integer'>5</cn>
       <cn type='integer'>6</cn>
       <cn type='integer'>10</cn>
       <cn type='integer'>12</cn>
       <cn type='integer'>8</cn>
       <cn type='integer'>7</cn>
      </list>
     </list>
    </math>
   </Cells>
  </Tissue>
 </CellzillaModel>
</CellzillaML>