3,dimensions
2365,vertices
165,faces
-71.1111,-67.7811,1.68
-71.3813,-66.5817,1.68
-71.5425,-65.3221,1.68
-71.6249,-64.0423,1.68
-71.6609,-62.7632,1.68
-71.6744,-61.4917,1.68
-71.6787,-60.2282,1.68
-71.6797,-58.9708,1.68
-71.68,-57.7172,1.68
-71.68,-56.4657,1.68
-71.68,-55.2152,1.68
-71.68,-53.965,1.68
-71.68,-52.715,1.68
-71.68,-51.465,1.68
-71.68,-50.215,1.68
-71.68,-48.965,1.68
-71.68,-47.715,1.68
-71.68,-46.465,1.68
-71.68,-45.215,1.68
-71.68,-43.965,1.68
-71.68,-42.715,1.68
-71.68,-41.465,1.68
-71.68,-40.215,1.68
-71.68,-38.965,1.68
-71.68,-37.715,1.68
-71.68,-36.465,1.68
-71.68,-35.215,1.68
-71.68,-33.965,1.68
-71.68,-32.715,1.68
-71.68,-31.465,1.68
-71.68,-30.215,1.68
-71.68,-28.965,1.68
-71.68,-27.715,1.68
-71.68,-26.465,1.68
-71.68,-25.215,1.68
-71.68,-23.965,1.68
-71.68,-22.715,1.68
-71.68,-21.465,1.68
-71.68,-20.215,1.68
-71.68,-18.965,1.68
-71.68,-17.715,1.68
-71.68,-16.465,1.68
-71.68,-15.215,1.68
-71.68,-13.965,1.68
-71.68,-12.715,1.68
-71.68,-11.465,1.68
-71.68,-10.215,1.68
-71.68,-8.965,1.68
-71.68,-7.715,1.68
-71.68,-6.465,1.68
-71.68,-5.215,1.68
-71.68,-3.965,1.68
-71.68,-2.715,1.68
-71.68,-1.465,1.68
-71.68,-0.215001,1.68
-71.68,1.035,1.68
-71.68,2.285,1.68
-71.68,3.535,1.68
-71.68,4.785,1.68
-71.68,6.035,1.68
-71.68,7.285,1.68
-71.68,8.535,1.68
-71.68,9.785,1.68
-71.68,11.035,1.68
-71.68,12.285,1.68
-71.68,13.535,1.68
-71.68,14.785,1.68
-71.68,16.035,1.68
-71.68,17.285,1.68
-71.68,18.535,1.68
-71.68,19.785,1.68
-71.68,21.035,1.68
-71.68,22.285,1.68
-71.68,23.535,1.68
-71.68,24.785,1.68
-71.68,26.035,1.68
-71.68,27.285,1.68
-71.68,28.535,1.68
-71.68,29.785,1.68
-71.68,31.035,1.68
-71.68,32.285,1.68
-71.68,33.535,1.68
-71.68,34.785,1.68
-71.68,36.035,1.68
-71.68,37.285,1.68
-71.68,38.535,1.68
-71.68,39.785,1.68
-71.68,41.035,1.68
-71.68,42.285,1.68
-71.68,43.535,1.68
-71.68,44.785,1.68
-71.68,46.035,1.68
-71.68,47.285,1.68
-71.68,48.535,1.68
-71.68,49.785,1.68
-71.68,51.035,1.68
-71.68,52.285,1.68
-71.68,53.5348,1.68
-71.68,54.7844,1.68001
-71.68,56.0332,1.68003
-71.68,57.2803,1.68019
-71.68,58.5241,1.68088
-71.68,59.7625,1.68332
-71.6797,60.9923,1.69049
-71.6784,62.21,1.7081
-71.6735,63.4118,1.74443
-71.6575,64.5928,1.80788
-71.6138,65.7475,1.90213
-71.5117,66.8678,2.02179
-71.3052,67.9393,2.1521
-70.9394,68.9344,2.27384
-70.3711,69.8083,2.37083
-69.5924,70.5116,2.43598
-68.6368,71.0184,2.47265
-67.5562,71.3428,2.48998
-66.3969,71.5268,2.49687
-65.1912,71.6188,2.49918
-63.9601,71.6589,2.49982
-62.7164,71.6738,2.49997
-61.4673,71.6785,2.5
-60.2166,71.6797,2.5
-58.9658,71.6799,2.5
-57.7153,71.68,2.5
-56.4651,71.68,2.5
-55.215,71.68,2.5
-53.965,71.68,2.5
-52.715,71.68,2.5
-51.465,71.68,2.5
-50.215,71.68,2.5
-48.965,71.68,2.5
-47.715,71.68,2.5
-46.465,71.68,2.5
-45.215,71.68,2.5
-43.965,71.68,2.5
-42.715,71.68,2.5
-41.465,71.68,2.5
-40.215,71.68,2.5
-38.965,71.68,2.5
-37.715,71.68,2.5
-36.465,71.68,2.5
-35.215,71.68,2.5
-33.965,71.68,2.5
-32.715,71.68,2.5
-31.465,71.68,2.5
-30.215,71.68,2.5
-28.965,71.68,2.5
-27.715,71.68,2.5
-26.465,71.68,2.5
-25.215,71.68,2.5
-23.965,71.68,2.5
-22.715,71.68,2.5
-21.465,71.68,2.5
-20.215,71.68,2.5
-18.965,71.68,2.5
-17.715,71.68,2.5
-16.465,71.68,2.5
-15.215,71.68,2.5
-13.965,71.68,2.5
-12.715,71.68,2.5
-11.465,71.68,2.5
-10.215,71.68,2.5
-8.965,71.68,2.5
-7.715,71.68,2.5
-6.465,71.68,2.5
-5.215,71.68,2.5
-3.965,71.68,2.5
-2.715,71.68,2.5
-1.465,71.68,2.5
-0.214999,71.68,2.5
1.035,71.68,2.5
2.285,71.68,2.5
3.535,71.68,2.5
4.785,71.68,2.5
6.035,71.68,2.5
7.285,71.68,2.5
8.535,71.68,2.5
9.785,71.68,2.5
11.035,71.68,2.5
12.285,71.68,2.5
13.535,71.68,2.5
14.785,71.68,2.5
16.035,71.68,2.5
17.285,71.68,2.5
18.535,71.68,2.5
19.785,71.68,2.5
21.035,71.68,2.5
22.285,71.68,2.5
23.535,71.68,2.5
24.785,71.68,2.5
26.035,71.68,2.5
27.285,71.68,2.5
28.535,71.68,2.5
29.785,71.68,2.5
31.035,71.68,2.5
32.285,71.68,2.5
33.535,71.68,2.5
34.785,71.68,2.5
36.035,71.68,2.5
37.285,71.68,2.5
38.535,71.68,2.5
39.785,71.68,2.5
41.035,71.68,2.5
42.285,71.68,2.5
43.535,71.68,2.5
44.785,71.68,2.5
46.035,71.68,2.5
47.285,71.68,2.5
48.535,71.68,2.5
49.785,71.68,2.5
51.0351,71.68,2.5
52.2854,71.68,2.5
53.5366,71.68,2.5
54.79,71.6799,2.5
56.0483,71.6795,2.5
57.3166,71.6777,2.5
58.6022,71.6705,2.5
59.9142,71.6479,2.5
60.9222,71.6082,2.5
61.9496,71.5336,2.5
63.0007,71.4042,2.5
64.0638,71.1981,2.5
65.1317,70.8915,2.5
66.1804,70.4673,2.5
67.1891,69.9126,2.5
68.1275,69.2275,2.5
68.9712,68.4207,2.5
69.6988,67.5106,2.5
70.2967,66.5232,2.5
70.7643,65.4835,2.5
71.1078,64.4212,2.5
71.3454,63.3529,2.5
71.4975,62.2988,2.5
71.5882,61.2613,2.5
71.6375,60.2486,2.5
71.6669,58.9283,2.5
71.6766,57.6367,2.5
71.6793,56.3646,2.5
71.6799,55.1041,2.5
71.68,53.8497,2.5
71.68,52.5981,2.5
71.68,51.3476,2.5
71.68,50.0975,2.5
71.68,48.8475,2.5
71.68,47.5975,2.5
71.68,46.3475,2.5
71.68,45.0975,2.5
71.68,43.8475,2.5
71.68,42.5975,2.5
71.68,41.3475,2.5
71.68,40.0975,2.5
71.68,38.8475,2.5
71.68,37.5975,2.5
71.68,36.3475,2.5
71.68,35.0975,2.5
71.68,33.8475,2.5
71.68,32.5975,2.5
71.68,31.3475,2.5
71.68,30.0975,2.5
71.68,28.8475,2.5
71.68,27.5975,2.5
71.68,26.3475,2.5
71.68,25.0975,2.5
71.68,23.8475,2.5
71.68,22.5975,2.5
71.68,21.3475,2.5
71.68,20.0975,2.5
71.68,18.8475,2.5
71.68,17.5975,2.5
71.68,16.3475,2.5
71.68,15.0975,2.5
71.68,13.8475,2.5
71.68,12.5975,2.5
71.68,11.3475,2.5
71.68,10.0975,2.5
71.68,8.8475,2.5
71.68,7.5975,2.5
71.68,6.3475,2.5
71.68,5.0975,2.5
71.68,3.8475,2.5
71.68,2.5975,2.5
71.68,1.3475,2.5
71.68,0.0975015,2.5
71.68,-1.1525,2.5
71.68,-2.4025,2.5
71.68,-3.6525,2.5
71.68,-4.9025,2.5
71.68,-6.1525,2.5
71.68,-7.4025,2.5
71.68,-8.6525,2.5
71.68,-9.9025,2.5
71.68,-11.1525,2.5
71.68,-12.4025,2.5
71.68,-13.6525,2.5
71.68,-14.9025,2.5
71.68,-16.1525,2.5
71.68,-17.4025,2.5
71.68,-18.6525,2.5
71.68,-19.9025,2.5
71.68,-21.1525,2.5
71.68,-22.4025,2.5
71.68,-23.6525,2.5
71.68,-24.9025,2.5
71.68,-26.1525,2.5
71.68,-27.4025,2.5
71.68,-28.6525,2.5
71.68,-29.9025,2.5
71.68,-31.1525,2.5
71.68,-32.4025,2.5
71.68,-33.6525,2.5
71.68,-34.9025,2.5
71.68,-36.1525,2.5
71.68,-37.4025,2.5
71.68,-38.6525,2.5
71.68,-39.9025,2.5
71.68,-41.1525,2.5
71.68,-42.4025,2.5
71.68,-43.6525,2.5
71.68,-44.9025,2.5
71.68,-46.1525,2.5
71.68,-47.4025,2.5
71.68,-48.6525,2.5
71.68,-49.9025,2.5
71.68,-51.1526,2.5
71.68,-52.4028,2.5
71.68,-53.6533,2.5
71.6798,-54.9043,2.5
71.679,-56.1557,2.5
71.6755,-57.4066,2.49999
71.6641,-58.6543,2.49992
71.6323,-59.8931,2.49959
71.5571,-61.1122,2.49829
71.4023,-62.2934,2.4941
71.1229,-63.4075,2.48271
70.676,-64.4115,2.45645
70.04,-65.2521,2.4053
69.2314,-65.8828,2.32145
68.2996,-66.2885,2.20611
67.3006,-66.4911,2.07347
66.2799,-66.5304,1.94891
65.2741,-66.4415,1.86015
64.0827,-66.1745,1.82475
63.1363,-65.789,1.85869
62.2503,-65.0905,1.94241
61.486,-64.3035,2.0084
60.7173,-63.4178,2.04333
59.943,-62.506,2.04874
59.1806,-61.6706,2.04609
58.3027,-60.9308,2.07367
57.3713,-60.4026,2.14038
56.3274,-60.0276,2.23039
55.2417,-59.8654,2.32257
54.1747,-59.9331,2.39915
53.1779,-60.2025,2.45099
52.0595,-60.7364,2.48422
51.0716,-61.3913,2.49598
50.1721,-62.101,2.49829
49.3161,-62.8232,2.49543
48.4551,-63.5295,2.48495
47.5556,-64.2008,2.46057
46.6088,-64.8308,2.4173
45.6235,-65.4225,2.35857
44.613,-65.9745,2.30084
43.5833,-66.4744,2.26865
42.5298,-66.905,2.27912
41.4436,-67.2583,2.3274
40.3169,-67.5474,2.3896
39.1434,-67.8069,2.44165
37.9336,-68.0849,2.47188
36.9535,-68.3586,2.47874
35.9833,-68.7052,2.46821
35.0422,-69.1357,2.43509
34.1389,-69.6363,2.37237
33.2606,-70.1655,2.2763
32.3746,-70.6639,2.15232
31.4456,-71.074,2.01734
30.4546,-71.3634,1.89411
29.4019,-71.5363,1.79978
28.2955,-71.6238,1.73876
27.1448,-71.6612,1.70513
25.9589,-71.6747,1.68929
24.747,-71.6788,1.68293
23.5178,-71.6798,1.68078
22.278,-71.68,1.68017
21.0325,-71.68,1.68003
19.7842,-71.68,1.68001
18.5348,-71.68,1.68
17.285,-71.68,1.68
16.035,-71.68,1.68
14.785,-71.68,1.68
13.535,-71.68,1.68
12.285,-71.68,1.68
11.035,-71.68,1.68
9.785,-71.68,1.68
8.535,-71.68,1.68
7.285,-71.68,1.68
6.035,-71.68,1.68
4.785,-71.68,1.68
3.535,-71.68,1.68
2.285,-71.68,1.68
1.035,-71.68,1.68
-0.215001,-71.68,1.68
-1.465,-71.68,1.68
-2.715,-71.68,1.68
-3.965,-71.68,1.68
-5.215,-71.68,1.68
-6.465,-71.68,1.68
-7.71499,-71.68,1.68
-8.96495,-71.68,1.68
-10.2148,-71.68,1.68
-11.4644,-71.68,1.67999
-12.7134,-71.6799,1.67995
-13.9613,-71.6797,1.67975
-15.2073,-71.679,1.67897
-16.4504,-71.6765,1.67651
-17.6893,-71.67,1.66999
-18.9234,-71.6554,1.65541
-20.1519,-71.6276,1.6276
-21.375,-71.582,1.58202
-22.5936,-71.5175,1.51754
-23.8099,-71.4385,1.43851
-25.0272,-71.3544,1.35441
-26.2487,-71.2765,1.27655
-27.4769,-71.2139,1.21389
-28.7128,-71.1702,1.17023
-29.9566,-71.1444,1.14445
-31.208,-71.1331,1.13307
-32.4669,-71.1334,1.13338
-33.7329,-71.1454,1.1454
-35.0053,-71.1718,1.17179
-36.2825,-71.2158,1.21579
-37.5623,-71.2782,1.27824
-38.8423,-71.3552,1.35523
-40.1207,-71.4382,1.43817
-41.396,-71.5162,1.51625
-42.6675,-71.5804,1.58038
-43.9345,-71.6262,1.62619
-45.1969,-71.6545,1.65448
-46.4552,-71.6695,1.6695
-47.7101,-71.6763,1.6763
-48.9628,-71.6789,1.6789
-50.2141,-71.6797,1.67973
-51.4647,-71.68,1.67995
-52.7149,-71.68,1.67999
-53.965,-71.68,1.68
-55.2152,-71.68,1.68
-56.4657,-71.68,1.68
-57.7172,-71.68,1.68
-58.9708,-71.6797,1.68
-60.2282,-71.6787,1.68
-61.4917,-71.6744,1.68
-62.7632,-71.6609,1.68
-64.0423,-71.6249,1.68
-65.3222,-71.5424,1.68
-66.5817,-71.3813,1.68
-67.7811,-71.111,1.68
-68.8714,-70.71,1.68
-69.7768,-70.1774,1.68
-70.4504,-69.3625,1.68
-33.4432,-4.96762,21.03
-32.8607,-4.78613,21.5022
-32.2324,-4.37479,21.9978
-30.3061,-4.70073,23.5633
-28.6928,-7.33996,24.4566
-28.6128,-9.79484,24.0773
-29.4602,-9.47702,23.499
-29.8425,-9.77551,23.1329
-30.4134,-9.70899,22.6953
-30.9891,-9.75965,22.2186
-31.6294,-9.33541,21.8255
-32.4029,-9.20517,21.257
-32.8692,-8.05532,21.1418
-32.8753,-7.3337,21.2577
-33.4977,-6.59981,20.8415
-28.2017,-9.59644,24.3925
-28.5165,-8.31044,24.4116
-28.8985,-6.07008,24.5431
-25.868,-10.0917,25.667
-28.4944,-0.286122,25.4627
-28.6731,-2.95456,25.32
-28.6097,-4.69812,25.0604
-29.0742,-5.10236,24.6002
-29.9147,-4.99855,23.8664
-31.3703,-4.17773,22.6999
-31.5252,-3.59438,22.6288
-31.5383,-2.71061,22.7128
-31.7827,-1.46921,22.6012
-32.3967,-0.909038,22.042
-32.5302,0.318043,21.9285
-32.1224,1.09525,22.2959
-31.614,1.72543,22.7056
-31.0165,1.91318,23.1853
-28.5868,-2.18542,25.4714
-28.5473,-1.28611,25.512
-28.3629,1.10212,25.2821
-27.0863,-4.39133,26.2267
-27.6721,-4.33401,25.8439
-28.3326,-4.31645,25.3522
-29.8758,3.11857,23.7479
-30.6034,2.85217,23.2957
-30.5603,3.58076,23.1219
-31.1146,4.31475,22.4627
-31.2693,5.26156,22.0381
-31.9398,5.77804,21.3352
-31.9501,6.73714,21.0686
-32.0497,7.36774,20.8457
-31.6633,8.08932,21.0065
-31.7709,9.03525,20.7801
-31.1776,9.34362,21.195
-30.6223,10.0484,21.5298
-29.9327,10.4164,21.9649
-27.4704,4.95882,24.4958
-26.3133,0.100471,26.7644
-24.1873,4.53677,26.6912
-24.5875,3.78159,26.7373
-25.112,3.18446,26.6133
-25.5522,2.33755,26.6345
-26.0848,1.78787,26.4717
-26.5412,1.06832,26.3953
-27.3509,1.19055,25.8775
-27.9096,1.87217,25.348
-28.519,2.66355,24.7334
-28.7455,3.62694,24.2771
-27.9318,4.10317,24.5562
-19.277,-4.97804,30.17
-19.5463,-7.07327,29.7021
-24.9874,-5.84696,27.1616
-25.492,-5.16813,27.025
-26.129,-4.1276,26.8621
-26.2006,-3.50574,26.9218
-26.0757,-2.86145,27.0724
-25.7467,-2.18888,27.3102
-25.6702,-1.09602,27.3341
-25.2179,-0.798701,27.5947
-24.5435,-0.817216,27.9858
-23.8954,-0.64823,28.3302
-22.8881,-0.228022,28.8176
-24.2441,-6.99768,27.2915
-23.2731,-7.59736,27.6855
-22.4873,-8.02119,27.9999
-25.3972,-12.4548,25.1347
-25.4361,-11.5079,25.4422
-26.1273,-10.6999,25.3444
-25.4724,-9.00543,26.1308
-25.0256,-8.41789,26.4867
-24.6523,-7.57434,26.8948
-25.535,-17.684,23.1136
-26.2499,-16.8144,22.971
-26.6973,-15.815,23.1059
-26.5686,-15.1328,23.5223
-25.9741,-14.9088,23.9721
-25.3812,-14.4413,24.4369
-24.913,-13.8063,24.8774
-24.6089,-13.1283,25.2713
-23.835,-13.7289,25.4401
-21.5379,-18.464,25.3039
-22.0382,-18.9203,24.9524
-22.7615,-18.9658,24.5417
-23.2373,-19.2462,24.1708
-23.9538,-19.4441,23.6024
-24.7022,-19.1082,23.181
-20.275,-18.5758,25.8298
-21.0954,-17.9262,25.6258
-21.3841,-16.7405,25.7887
-21.8338,-15.8499,25.81
-22.6274,-14.9597,25.655
-23.0617,-13.8342,25.8161
-22.4014,-13.4285,26.3583
-21.8637,-13.0764,26.8244
-18.8886,-14.079,28.2295
-17.9462,-14.3952,28.5527
-15.1637,-23.4798,25.6647
-16.2716,-23.1668,25.4181
-16.9449,-22.4736,25.5216
-17.7179,-21.7984,25.5812
-18.3097,-21.0116,25.7314
-18.9666,-20.0335,25.8848
-19.026,-19.0775,26.2122
-18.0613,-18.6854,26.858
-18.9729,-18.3013,26.556
-19.0369,-17.333,26.9541
-18.4236,-16.8905,27.5028
-18.3406,-16.0682,27.8309
-17.5401,-15.3149,28.4238
-16.6545,-15.3448,28.7294
-15.5465,-15.7136,28.9603
-13.9982,-20.7176,27.4085
-14.7917,-20.5942,27.2057
-15.6065,-19.976,27.2483
-16.5499,-19.5285,27.1158
-12.7094,-18.5251,28.7454
-13.2417,-17.6861,28.9167
-13.7195,-16.8264,29.0969
-14.395,-16.0341,29.1896
-13.9836,-15.2721,29.5696
-13.2814,-14.7633,29.9179
-12.8651,-14.0631,30.256
-12.2446,-13.6891,30.564
-8.01652,-31.437,22.9405
-5.8518,-29.1607,25.5445
-6.86952,-28.5998,25.6924
-7.36286,-27.7742,26.05
-11.4701,-24.2735,26.4898
-9.17877,-25.1134,26.7935
-8.77769,-26.1105,26.4772
-8.09525,-26.8428,26.3279
-8.94686,-27.5223,25.7146
-8.8683,-28.5452,25.0757
-9.11927,-29.0594,24.5995
-9.27766,-29.7318,23.9691
-8.90022,-30.4356,23.4789
-9.08036,-30.9463,22.978
-10.1504,-30.7054,22.8347
-10.2475,-31.3842,22.3915
-11.4139,-30.9172,22.4245
-11.9338,-30.182,22.7485
-12.4544,-29.5606,23.0264
-13.3106,-28.7999,23.2923
-13.2866,-27.9985,23.8431
-13.1682,-27.103,24.493
-13.2547,-26.2813,24.9518
-11.3109,-18.9931,28.9193
-10.0965,-18.9082,29.2091
-9.23365,-18.8445,29.3924
-8.00188,-19.1925,29.493
-6.22862,-19.7628,29.6212
-7.30789,-22.9511,28.2246
-8.08121,-22.9229,28.0554
-8.66316,-23.4124,27.667
-9.16606,-23.9116,27.2977
-9.70943,-24.5601,26.8736
-10.9219,-24.1054,26.716
-12.2788,-24.6618,26.0876
-12.8692,-25.295,25.6027
-13.4358,-24.6882,25.7026
-14.234,-23.7614,25.8592
-13.9934,-22.671,26.4188
-13.792,-22.0113,26.7912
-13.278,-21.1704,27.396
-12.7819,-20.3612,27.9549
-12.6103,-19.6328,28.3284
-12.1658,-19.098,28.6644
-5.14815,-24.3327,28.0336
-5.57229,-23.2511,28.4661
-6.45776,-22.5622,28.5751
-6.06467,-21.7271,28.9499
-5.75543,-21.1164,29.2129
-3.16833,-26.9478,27.0172
-3.94014,-26.1303,27.3384
-3.89208,-25.1623,27.8341
-3.40224,-24.5474,28.2324
-2.54592,-24.2609,28.4828
-4.0126,-35.8308,21.6294
-4.92011,-35.1726,21.7593
-5.04963,-34.3952,22.1121
-5.36063,-33.601,22.4413
-4.2219,-32.6118,23.542
-0.694394,-32.1207,24.3968
1.96495,-34.9203,23.2634
1.73853,-35.9898,22.6202
1.77575,-36.7399,22.1235
1.0942,-37.186,21.7117
0.0436183,-36.9589,21.7261
-1.01657,-36.5185,21.8628
-2.07675,-36.4755,21.6705
-2.5469,-36.8593,21.3121
-1.62782,-32.5059,24.1075
-2.25891,-32.5855,23.9841
-3.23477,-32.5838,23.8144
-5.04427,-32.9935,22.9741
-6.07317,-31.9812,23.2823
-5.72853,-30.8691,24.3043
-5.311,-30.3901,24.7855
-5.16096,-29.7685,25.257
-4.97281,-29.0227,25.7474
-3.98693,-28.9784,25.8619
-3.77301,-28.4091,26.2028
-3.26661,-27.9878,26.4738
-3.01866,-27.3811,26.81
-1.74257,-27.4594,26.8717
-0.714526,-27.7269,26.8074
0.114397,-31.7361,24.6662
17.7032,-33.2709,22.9181
16.7932,-33.4088,22.9828
21.1668,-29.5086,24.4788
20.9937,-30.3072,24.1347
21.1069,-31.1433,23.7033
20.8581,-31.7636,23.4445
20.2201,-32.223,23.3161
19.412,-32.402,23.326
18.8642,-32.6738,23.2023
15.6498,-31.1165,24.5203
15.8753,-31.9682,24.0327
16.0757,-32.9024,23.4475
14.5787,-32.7528,23.8026
13.7353,-33.1781,23.719
10.7256,-32.4954,24.5964
11.7281,-32.938,24.2171
12.7743,-33.5624,23.6878
12.3065,-34.6865,23.1366
12.5518,-35.3694,22.6705
11.6696,-35.7957,22.6131
10.8885,-35.9196,22.6966
9.91766,-36.3337,22.6208
9.02664,-36.6011,22.5843
8.37996,-37.1303,22.3023
7.58557,-37.0141,22.4595
7.50728,-36.2182,22.934
1.75095,-33.9363,23.7372
1.50371,-33.0422,24.1401
1.36682,-32.1438,24.5677
8.39215,-32.0517,25.0074
7.93249,-32.6425,24.6875
7.48448,-33.2339,24.3556
7.06025,-33.8884,24.0117
6.75504,-34.686,23.6437
6.72645,-35.515,23.277
5.71987,-35.4806,23.2637
4.96923,-34.9158,23.4898
4.22357,-35.3315,23.2477
3.32879,-35.4606,23.1044
2.31265,-35.5947,22.924
1.5793,-26.228,27.8309
0.843324,-25.4952,28.2016
-0.217282,-24.9268,28.4143
-0.94245,-24.2701,28.672
-1.17253,-23.3484,29.0878
-0.718695,-22.8143,29.4025
5.80415,-29.2766,26.48
5.55869,-30.91,25.5613
4.46817,-30.9783,25.45
3.82431,-31.4351,25.1395
2.88803,-31.3845,25.0957
1.91534,-31.2314,25.1009
1.34683,-30.4433,25.492
1.25089,-29.5752,25.975
0.863778,-28.7033,26.4126
0.5745,-27.9167,26.7984
1.23028,-27.1839,27.2371
2.01311,-26.5978,27.6406
2.8817,-26.7203,27.643
3.85243,-26.7445,27.7344
12.0864,-29.7556,25.8215
11.2313,-30.3429,25.6528
10.4819,-31.1291,25.3433
9.78515,-31.5929,25.1727
9.09037,-31.5496,25.2487
8.13146,-31.5774,25.2692
7.18494,-31.0287,25.5679
6.20431,-30.6057,25.7684
6.37892,-29.9616,26.1368
11.5962,-27.0249,27.3436
10.9436,-27.2846,27.3384
10.2203,-27.6095,27.2931
9.01909,-27.3168,27.5882
8.42922,-27.8387,27.3656
7.96858,-28.426,27.0535
7.29689,-27.8526,27.3904
6.32451,-27.9226,27.3023
5.6589,-28.313,27.0095
5.15197,-27.3511,27.5202
4.68321,-26.7692,27.8061
4.2692,-26.0481,28.1666
4.54634,-25.1052,28.6588
5.05825,-24.5486,28.9298
6.71389,-23.4201,29.3857
27.2751,-26.478,24.0565
26.3405,-26.6614,24.2828
25.6332,-27.5127,24.0399
25.4958,-28.0863,23.7677
24.6817,-28.367,23.9201
23.8175,-28.1491,24.3452
20.9083,-28.2224,25.1752
19.8784,-27.882,25.5737
23.6021,-24.473,26.4921
23.2636,-25.2492,26.0999
22.752,-25.8708,25.8865
22.7533,-26.6288,25.4682
22.5085,-27.3552,25.1685
22.646,-28.1049,24.7522
21.538,-28.653,24.8014
11.6737,-25.2952,28.2116
11.585,-24.5411,28.6103
11.3399,-23.7243,29.0129
18.9176,-23.8821,27.9417
18.8455,-24.5272,27.6282
18.5067,-25.3263,27.2794
18.6376,-26.1635,26.7937
11.9883,-26.3083,27.6327
12.1373,-27.9411,26.7628
12.088,-27.0367,27.2386
13.3278,-27.0252,26.9988
14.462,-26.8645,26.917
15.5123,-26.8421,26.8084
16.6488,-26.6907,26.7791
17.6003,-26.692,26.6523
18.621,-26.826,26.4073
18.9758,-27.43,25.9903
18.6347,-28.4214,25.489
17.7538,-28.7888,25.3968
17.004,-29.2006,25.2703
16.4145,-29.8082,25.0466
15.5286,-30.3073,24.9346
15.2716,-29.8958,25.1699
14.2417,-29.7702,25.4049
13.0868,-29.7738,25.6213
12.3651,-29.3523,25.9801
15.2363,-22.497,29.1236
14.3312,-22.9114,29.0825
13.4441,-23.3093,29.0161
12.4597,-23.5881,28.9823
11.435,-23.053,29.29
10.442,-22.5455,29.5557
10.4379,-23.0477,29.3606
9.81926,-23.1323,29.3636
8.67281,-23.1804,29.4013
7.73798,-23.511,29.3047
5.58216,-23.7396,29.289
5.03389,-22.539,29.8149
9.91134,-18.4117,31.2645
11.0485,-19.3396,30.7239
11.0113,-20.2065,30.3689
10.9471,-21.0976,30.0475
-7.06891,-18.8047,29.8326
-8.14058,-18.1371,29.8836
-7.99056,-17.2612,30.2911
-7.50104,-16.6187,30.6872
-3.58716,-20.0998,30.0366
-4.51977,-20.2675,29.773
-5.47025,-20.4571,29.5063
-0.28226,-22.2212,29.7375
-1.02308,-21.7994,29.8134
-1.49281,-20.7276,30.2098
-2.23171,-20.0106,30.3669
-2.21582,-19.2736,30.6728
-1.62706,-18.7725,30.9734
-1.37833,-18.0334,31.261
-0.944663,-17.4583,31.5106
5.58738,-18.5791,31.2114
5.15002,-19.6021,30.8287
5.01782,-20.4499,30.5638
4.87127,-21.2855,30.295
4.18796,-21.8669,30.1147
3.48226,-21.7546,30.1805
2.35414,-21.9313,30.1096
1.29791,-22.1072,29.9748
29.847,-25.5084,23.493
28.9336,-25.9243,23.6887
27.8493,-25.5479,24.3787
27.1293,-24.8167,25.0961
27.1863,-24.1862,25.4679
33.1043,-25.4118,21.5898
32.098,-25.2102,22.4337
30.9229,-25.0693,23.2305
31.3752,-24.072,23.717
31.3345,-23.3194,24.1775
31.7101,-22.2341,24.4945
35.2624,-23.6639,21.5243
34.8413,-24.1108,21.4672
34.49,-24.7379,21.1683
30.7212,-20.8407,25.5655
33.3346,-21.3617,24.0228
32.3734,-21.1433,24.6219
31.4554,-21.3889,24.9795
35.0593,-22.6936,22.3559
34.6461,-22.2016,22.8898
34.208,-21.4993,23.4906
34.7151,-20.4036,23.7898
35.2108,-19.791,23.8818
37.6135,-18.5367,23.4461
38.2466,-23.1354,19.9175
37.2262,-23.3396,20.4103
36.3468,-23.0987,21.2288
41.0486,-18.5347,21.601
41.4394,-19.111,20.9961
41.6865,-19.6709,20.4622
42.1269,-20.3213,19.7109
42.4884,-21.0338,18.9308
42.466,-21.6578,18.4363
41.7886,-22.3311,18.2758
40.8819,-22.5302,18.7102
40.3889,-23.0862,18.4457
39.4494,-23.2519,18.9351
38.888,-22.9353,19.6868
38.9236,-21.9312,20.5695
38.928,-21.3776,20.9707
38.8205,-20.8181,21.4216
38.9634,-20.1039,21.8294
38.7853,-19.37,22.4069
37.0771,-18.9833,23.4664
36.0291,-19.1087,23.8712
35.476,-18.4331,24.4282
35.0467,-17.7058,24.9131
34.6807,-16.9001,25.3869
34.5769,-16.1112,25.7486
38.9909,-14.4463,24.6896
40.0155,-16.0371,23.4875
39.8228,-16.7199,23.242
40.0106,-17.3276,22.8497
39.4832,-17.5056,23.0258
38.5723,-17.6939,23.3872
38.5894,-18.5823,22.9492
20.8525,-17.5604,30.5058
21.7187,-22.5262,28.0994
20.8651,-23.0559,28.016
19.7406,-22.9592,28.2706
18.5771,-23.2516,28.3148
17.5871,-22.6969,28.7188
16.6309,-22.2263,29.0455
17.0318,-21.2206,29.4112
17.2016,-20.3654,29.7544
17.2064,-19.4289,30.1862
17.1215,-18.5776,30.6201
24.8262,-23.0874,26.9638
23.643,-23.2272,27.2543
22.6721,-22.5485,27.8687
22.6846,-21.839,28.1958
22.6831,-21.0789,28.519
22.7283,-20.1816,28.8654
29.397,-19.0578,26.9382
29.4878,-19.6688,26.6421
29.741,-20.4715,26.1855
29.1985,-20.8028,26.2967
28.298,-21.323,26.4786
27.6739,-21.9323,26.4766
26.7254,-22.5222,26.5774
26.5976,-23.2785,26.2225
25.0499,-17.5391,29.2288
24.4379,-18.2312,29.139
23.5982,-18.8532,29.1497
22.6146,-19.1574,29.3156
21.8999,-18.948,29.6008
21.2853,-18.2392,30.078
-19.0533,-7.04733,29.9227
-14.835,-10.1579,30.8631
-15.6251,-10.2629,30.5548
-16.2007,-10.7113,30.2341
-16.8724,-11.1163,29.8919
-17.7316,-11.5266,29.4591
-18.3148,-12.2242,29.0151
-18.8929,-12.5542,28.6554
-19.4426,-13.1677,28.2206
-20.5409,-12.2806,27.8744
-21.1629,-12.6541,27.3992
-21.2306,-11.3656,27.749
-21.2308,-10.534,27.9768
-21.6742,-9.49887,28.0185
-21.6723,-8.65124,28.2583
-21.2155,-8.39716,28.5678
-20.5567,-8.08155,28.987
-19.8651,-7.92088,29.3652
-13.7693,-3.42902,32.1854
-15.3906,-6.58664,31.5423
-16.2947,-6.47348,31.1713
-17.2828,-6.56069,30.7428
-18.2327,-6.65315,30.3411
-18.7273,-5.8079,30.2812
-21.906,0.598213,29.1288
-21.3934,1.28676,29.2504
-16.9881,-1.44803,31.2568
-17.6403,-2.01329,31.041
-18.5124,-2.32516,30.6863
-19.2299,-2.89166,30.3581
-19.7191,-3.66691,30.1101
-20.6143,-2.71458,29.7906
-21.3426,-1.93861,29.5103
-21.6754,-1.0749,29.3599
-22.0239,-0.0911918,29.1564
-11.4008,-0.724383,32.7839
-14.5463,-2.55784,31.9634
-15.3591,-1.95838,31.7457
-16.0667,-1.08115,31.5182
-16.405,-0.329669,31.3749
-16.6505,0.687016,31.2132
-11.0083,1.48133,33.1315
-7.06014,-4.66729,33.8287
-10.0162,-3.62244,33.078
-10.6281,-2.66422,32.9132
-10.6595,-1.59836,32.9922
-11.6412,0.335867,32.8089
-16.6991,4.49488,30.733
-16.6963,2.77982,30.9593
-16.9412,1.79706,31.0035
-17.4151,2.0172,30.8208
-18.3184,2.10068,30.467
-19.0441,2.24283,30.1296
-19.9903,2.30652,29.6877
-20.92,2.04873,29.3221
-21.2055,2.93249,28.9913
-21.8521,3.65627,28.4554
-22.1223,5.12963,27.8295
-22.5121,4.31738,27.8563
-22.9165,4.68946,27.466
-23.7095,5.10359,26.7746
-20.4316,9.68801,27.574
-19.4347,7.47022,28.8302
-20.2497,6.90384,28.5312
-20.8623,6.47272,28.2859
-17.0907,5.13901,30.4749
-17.3252,6.13296,30.1849
-12.9055,3.69532,32.3468
-13.746,3.32928,32.0469
-14.4919,3.08212,31.7328
-15.301,3.08198,31.4108
-16.2421,3.53019,31.0265
-11.0974,2.58059,33.0426
-12.0441,3.4405,32.6642
-12.5544,4.68782,32.2883
-12.5974,5.68761,32.0947
-12.838,6.67909,31.8545
-13.067,7.56968,31.6118
-9.31406,9.31281,32.0987
-9.42593,3.7501,33.195
-10.5162,3.50957,33.0193
-19.0325,8.67832,28.7042
-15.8887,13.4525,29.2274
-11.9716,9.42743,31.5129
-12.6469,8.84235,31.4575
-13.5969,8.46585,31.2387
-14.9767,8.40306,30.7006
-15.8738,7.86884,30.429
-16.6271,7.35652,30.2214
-17.4233,7.12613,29.9189
-18.3383,7.73012,29.3251
-18.8874,8.15722,28.9261
-11.4453,24.2448,27.3648
-7.89559,22.3769,28.8034
-8.76475,21.9538,28.8332
-9.07197,21.0466,29.1362
-9.96638,20.8715,29.0392
-10.5631,20.1523,29.1541
-11.3702,19.6049,29.1279
-12.1909,18.8595,29.1353
-17.327,13.1442,28.5873
-18.0909,12.9915,28.2418
-18.9137,13.3621,27.7489
-14.3173,19.372,28.291
-16.3801,15.0159,28.7566
-15.8477,15.7846,28.8431
-15.2923,16.5707,28.86
-14.6702,17.3841,28.8235
-14.2283,18.3662,28.6523
-13.5564,18.2711,28.9008
-12.7168,17.8093,29.2951
-12.186,17.2475,29.6025
-12.5019,14.689,30.1585
-14.1166,12.7821,30.0993
-15.1682,12.9453,29.6416
-16.9648,13.5327,28.7004
-10.5913,9.75077,31.748
-11.1752,10.3711,31.4857
-11.8957,11.5367,31.0533
-12.7934,12.101,30.6882
-13.1473,12.9702,30.3822
-12.7235,13.7447,30.3225
-11.812,15.4724,30.1476
-11.5305,16.4294,29.9814
-10.7283,16.5761,30.124
-9.77578,16.9286,30.2389
-7.37396,10.0148,32.2791
-7.02515,10.3924,32.2663
-6.35281,11.1643,32.274
-5.6941,11.8245,32.3319
-1.91986,10.0741,33.6183
-7.21405,7.40424,32.9061
-7.73075,8.21795,32.637
-8.3142,8.92507,32.3725
-26.3011,14.085,23.9308
-19.9909,13.9074,27.0402
-19.628,13.0282,27.3926
-19.5699,11.7847,27.6461
-19.6614,10.7086,27.818
-19.5583,9.49678,28.179
-21.2629,9.30056,27.1736
-22.0641,9.10363,26.7224
-22.872,8.87961,26.2178
-23.264,7.81492,26.1359
-23.5802,7.15238,26.1042
-23.9105,6.4619,26.1198
-23.7775,5.47131,26.5778
-24.3034,5.40853,26.245
-24.9086,5.71272,25.7194
-25.7513,5.81729,25.1393
-26.6419,5.88592,24.6049
-26.6325,6.47992,24.4214
-27.2247,7.40954,23.8922
-27.5622,8.32631,23.5599
-28.2271,8.99712,23.1327
-28.7978,9.63345,22.7424
-29.3095,10.361,22.3656
-29.1106,11.2284,22.4153
-28.5792,11.4557,22.7274
-28.0137,12.3402,23.0308
-27.7093,13.3356,23.1756
-26.9838,13.4398,23.6114
-26.2363,13.4215,24.0146
-26.1795,12.8011,24.0785
-25.4796,11.7942,24.4612
-25.0144,10.9466,24.7201
-24.2734,10.39,25.1462
-23.3405,18.9242,24.3353
-19.3966,17.8534,26.6595
-19.9145,17.2736,26.5063
-19.9875,16.0624,26.7132
-20.6183,15.4446,26.4252
-20.8528,14.3975,26.4232
-21.6654,14.3733,25.9435
-22.5804,14.7177,25.4274
-23.5942,14.6512,24.9969
-24.435,14.456,24.6926
-25.2874,14.5126,24.344
-24.946,15.0951,24.4008
-24.888,16.1806,24.2392
-24.6964,17.1498,24.1219
-24.2296,19.1867,23.8731
-24.7946,20.3306,23.3427
-24.4487,21.3638,23.2069
-23.6564,22.0051,23.3712
-23.2592,22.8876,23.2855
-22.5278,23.0913,23.5558
-21.8654,24.1332,23.5194
-20.9749,24.2322,23.8716
-19.9999,24.1662,24.3066
-17.817,20.705,26.5168
-17.9892,20.0225,26.6996
-18.6088,19.8446,26.4813
-18.8668,18.8727,26.669
-19.5003,18.5404,26.4158
-20.6738,18.9519,25.6614
-21.5141,19.215,25.1555
-22.4394,18.9278,24.7607
-13.1743,22.8142,27.5053
-13.7386,22.1123,27.5605
-14.3065,21.3551,27.6065
-14.6916,20.2922,27.8352
-15.5882,20.4963,27.4322
-16.4205,20.7251,27.0443
-17.2727,21.0979,26.5836
-17.6121,21.5572,26.2775
-18.0945,22.2722,25.8172
-18.6673,23.2191,25.2321
-19.0882,24.1442,24.719
-18.967,25.0615,24.44
-18.3566,25.6133,24.4932
-17.8152,26.3885,24.4099
-17.5837,27.5887,23.9737
-16.8242,28.1158,24.0005
-15.7232,27.9019,24.4776
-8.90861,24.36,27.7947
-9.90638,24.479,27.5611
-10.6049,24.0686,27.6114
-12.605,24.0498,27.1761
-13.4321,24.8683,26.5873
-13.7658,25.8441,26.053
-14.4294,26.8103,25.4037
-14.1961,27.7878,25.0175
-13.1226,28.3893,25.0535
-12.3071,28.9287,25.0056
-11.7678,29.117,25.0402
-10.7479,29.0503,25.2908
-9.79845,29.0311,25.4923
-8.38286,28.1421,26.2726
-8.81531,29.0175,25.7185
-8.38414,29.8825,25.3483
-7.9095,30.8221,24.9259
-7.9565,31.8362,24.3131
-7.62496,32.7527,23.8369
-7.19585,33.6212,23.3942
-6.36216,33.6206,23.5724
-5.23349,33.9838,23.5405
-4.08733,33.9213,23.7564
-4.14985,28.3809,27.2784
0.00451849,32.1906,25.2938
0.540003,29.0412,27.3492
-3.82887,29.5893,26.6617
-3.56999,30.3413,26.2247
-3.6786,31.4239,25.5026
-3.60452,32.4979,24.7986
-3.39653,33.5261,24.1217
-2.81376,33.4212,24.261
-2.00359,33.2162,24.473
-1.14611,32.9948,24.6804
5.18903,33.6618,24.7835
6.01988,34.2727,24.3875
5.97993,33.3182,25.1388
6.69917,33.8238,24.8029
7.84224,34.2896,24.5021
8.78491,34.7372,24.1835
9.72656,34.1558,24.6518
9.83781,33.3686,25.2655
19.2757,32.4383,24.752
18.2019,32.5264,24.9163
17.1904,32.8438,24.8618
17.0445,33.7044,24.1689
17.3188,34.6207,23.3682
18.2703,35.0045,22.8589
19.2283,35.2192,22.4851
20.2931,34.8543,22.5213
21.0238,35.3991,21.9893
20.9974,32.6187,24.2011
10.1212,29.7773,27.96
14.2872,30.1212,27.4194
16.7652,28.9972,28.0094
13.6318,30.1194,27.4624
12.6715,30.5052,27.2527
11.5839,30.5304,27.315
10.5509,30.578,27.3599
10.5936,31.9558,26.327
10.761,32.9818,25.5422
11.2445,33.2707,25.3025
11.9992,33.6394,24.9745
13.2569,33.8353,24.7027
13.9373,34.2159,24.3174
14.5398,34.6874,23.8532
15.4673,34.6811,23.6927
16.2806,34.2413,23.8863
16.471,33.2574,24.6575
16.7312,32.6491,25.1184
16.5617,31.4081,26.1798
16.4898,30.3784,27.0085
14.9536,30.543,27.0614
28.0256,36.0365,20.4977
28.9705,35.6316,20.6564
29.7698,35.1135,20.8413
30.6518,34.5407,20.999
30.7544,33.6374,21.1691
30.7641,32.7769,21.3831
22.5063,33.9947,22.7478
22.0436,35.0655,22.0364
22.4786,35.4607,21.6804
22.8018,36.2893,21.0816
23.3056,36.9825,20.609
24.0401,36.6039,20.7295
25.0657,36.8674,20.4724
26.107,36.5058,20.4999
27.0918,35.5212,20.8653
26.8188,34.5947,21.4617
26.6993,33.7123,22.0714
18.4339,27.8167,28.6968
19.3973,27.7427,28.5886
20.0963,28.2573,28.0696
15.8261,26.3549,29.8254
16.3974,27.2901,29.2202
17.1899,28.1407,28.593
23.1309,23.9784,29.8593
23.5132,25.0204,29.184
29.128,23.9113,27.644
21.424,28.4694,27.5832
21.6648,29.3248,26.846
21.923,30.1693,26.0702
26.2932,26.021,27.6362
24.9222,25.9562,28.179
23.6144,25.9582,28.6191
23.4233,26.9057,28.0991
22.3751,27.1762,28.2513
22.0979,28.047,27.7147
21.1051,28.1742,27.8887
26.0392,32.8804,22.8118
27.0083,32.4362,22.84
27.6506,31.7217,23.0684
28.524,31.1404,23.069
29.3668,30.7046,22.9617
27.7724,28.3207,25.4564
27.1174,28.9389,25.2685
25.878,29.0895,25.6536
25.0277,29.6325,25.5464
24.0766,30.1684,25.4442
23.125,30.6635,25.3242
22.0409,31.0815,25.2604
22.0729,31.6834,24.74
22.0926,32.5213,24.0285
23.1728,32.9726,23.4076
23.7081,32.496,23.6697
24.4109,32.8621,23.2112
30.004,29.3186,23.6121
30.2199,30.0577,22.9934
30.6688,30.8221,22.3001
31.2443,31.5831,21.6609
32.2443,31.434,21.463
33.3776,31.2609,21.4763
34.3092,30.8266,21.6354
35.0756,30.0895,21.7996
35.6843,29.2079,21.8866
36.592,28.6351,21.8649
28.2112,25.1046,27.3751
27.4995,25.9408,27.1935
28.0473,27.0016,26.2784
28.2649,27.8138,25.6011
29.2032,28.3279,24.7422
29.9927,28.791,23.9995
30.5972,28.4179,23.9635
31.6662,28.4141,23.4335
32.6992,27.7587,23.3517
33.551,27.1467,23.3197
30.0352,23.2613,27.5361
31.3051,23.7581,26.6086
33.6788,21.0823,26.3238
29.8467,21.6523,28.3096
34.2583,20.2426,26.2436
33.4204,21.9762,26.1731
32.7438,22.7638,26.2854
32.4243,23.7493,25.9722
32.3598,24.4046,25.6375
33.3407,24.9701,24.7447
33.7648,25.7093,24.077
34.3222,26.4915,23.3264
37.101,24.5651,22.8047
37.2198,22.4793,23.4314
36.2226,25.3775,22.9326
35.6245,26.1536,22.8641
35.9744,27.144,22.2876
36.8698,27.6029,21.8934
37.8375,27.3807,21.767
39.0232,26.6167,21.6665
40.0185,25.9933,21.474
41.0024,25.4854,21.2069
41.5337,24.7196,20.9239
41.636,24.0638,20.8052
36.8904,21.0446,24.1854
36.79,21.8075,23.9679
37.593,23.3966,22.8902
38.0519,24.0152,22.445
39.0318,23.988,21.9357
40.2337,23.6561,21.3968
41.3015,23.2962,20.9306
41.9094,21.8648,20.8223
34.6186,18.3796,26.6687
35.3253,19.0441,25.9734
36.514,19.0679,25.1674
37.26,19.0336,24.6748
38.1103,18.6209,24.2514
38.9824,18.65,23.6588
40.3113,16.1043,23.8155
40.1891,16.9819,23.5278
39.742,18.2195,23.3249
40.3481,19.0451,22.6288
40.7709,19.9555,22.038
41.2817,20.6073,21.5145
42.0196,20.9876,20.9878
42.6304,20.7784,20.7384
43.5242,20.4134,20.4339
44.3772,20.4241,20.0956
45.3236,20.1097,19.8575
45.1972,19.2337,20.1088
45.3365,18.1137,20.371
44.8544,17.3861,20.8346
44.2256,16.2957,21.5734
43.7615,15.3616,22.2187
45.2429,-4.03579,25.5175
49.5987,-0.625915,24.0181
50.5917,-0.581178,23.6104
50.0675,-1.32382,23.837
49.6484,-2.33852,23.9935
49.7889,-3.20476,23.8606
49.8541,-3.9792,23.6767
49.7878,-4.70367,23.5135
49.5549,-5.45217,23.4257
49.9588,-6.15548,23.033
49.5443,-6.81301,23.0348
49.6303,-7.53784,22.7581
48.6595,-7.55695,23.2125
47.6123,-7.69676,23.6406
45.8339,-6.86058,24.6651
46.6357,-7.54768,24.1156
46.8452,-7.99877,23.887
46.5401,-8.97579,23.749
46.3271,-9.86172,23.6173
46.3646,-10.675,23.3676
45.4509,-11.3288,23.5817
44.5806,-10.918,24.1273
42.4858,-8.638,25.6446
42.6083,-9.79302,25.2959
43.4981,-10.4788,24.73
42.7428,-11.1772,24.8169
42.7559,-12.0605,24.457
42.353,-12.6029,24.3435
42.35,-13.3507,23.9347
42.3161,-14.0904,23.5327
42.5637,-14.7535,23.0411
42.0582,-15.6146,22.7864
41.1659,-15.8193,23.0852
40.3583,-15.4135,23.6505
39.6852,-14.8864,24.1967
38.0686,-13.8402,25.3303
37.0842,-13.9073,25.6855
36.2668,-14.0034,25.9735
35.7703,-14.6968,25.8777
35.0519,-15.2386,25.9304
33.8444,-15.4868,26.313
37.7243,-9.72445,27.0736
37.6229,-10.4811,26.8469
38.026,-11.3968,26.3828
37.6788,-12.0912,26.2308
28.6901,-18.0393,27.6557
27.8866,-17.5393,28.1854
26.9505,-17.4073,28.6026
26.0612,-17.0451,29.0798
25.8869,-16.6065,29.3261
32.3328,-13.338,27.8743
32.2137,-14.1148,27.5982
32.4028,-14.8672,27.1898
33.0174,-15.6145,26.6056
32.4131,-16.2247,26.6225
31.3887,-16.6158,26.9454
30.7246,-17.3522,26.9867
29.8466,-17.454,27.3628
29.3082,-18.1608,27.3365
26.272,-10.7658,31.4212
27.6478,-13.8297,29.7629
26.9567,-14.3562,29.848
26.3177,-14.9836,29.8492
25.6438,-15.7153,29.8048
24.3413,-12.5751,31.7651
24.3989,-13.445,31.3869
24.4653,-14.2153,30.9925
24.6003,-15.0386,30.5401
23.8322,-15.2795,30.7123
22.6304,-15.5309,30.9882
21.5435,-16.0677,31.0438
20.7121,-16.9032,30.8607
20.1795,-16.6687,31.1033
18.3782,-13.5877,32.6624
18.6871,-14.363,32.3574
18.7603,-15.2334,32.021
19.1487,-15.8891,31.6848
19.1868,-16.6996,31.2926
17.7707,-17.2072,31.2548
17.1271,-17.8123,31.0162
16.4191,-17.713,31.1325
15.4847,-17.8079,31.1532
14.3673,-17.5592,31.3743
12.2407,-11.9901,33.838
14.0074,-13.0317,33.3
13.8361,-13.7841,33.0443
13.7249,-14.5276,32.7931
13.7187,-15.2463,32.5381
13.3287,-16.1364,32.2141
13.5123,-17.1342,31.6864
12.9423,-17.2949,31.6485
12.1947,-17.7841,31.429
11.8136,-18.2396,31.1984
10.9594,-18.7128,31.0279
9.56009,-12.9281,33.7412
9.36246,-13.7233,33.5065
9.37028,-14.5292,33.2522
9.25233,-15.2427,33.0276
9.21234,-15.9107,32.7757
8.80241,-16.4838,32.5116
8.93112,-17.1977,32.0772
8.99425,-17.9353,31.5859
8.14803,-18.2783,31.3889
7.32664,-17.8629,31.6261
6.09332,-17.9271,31.5483
5.38924,-17.3031,31.857
4.99447,-16.6321,32.1991
-12.1855,-12.169,31.1587
-12.7111,-11.3659,31.2659
-13.1193,-10.3354,31.474
-13.9534,-9.78906,31.3103
-14.076,-9.27442,31.4193
-14.2618,-8.34339,31.6216
-14.3303,-7.47714,31.8339
-14.8371,-6.37219,31.8288
-13.9125,-5.56074,32.2586
-13.3929,-4.80285,32.3653
-12.7761,-4.29641,32.4399
-11.7103,-4.46364,32.6381
-10.6431,-4.54949,32.8609
-9.89268,-4.26146,33.0804
-8.8274,-14.1601,31.4824
-9.75996,-13.6813,31.4003
-10.7067,-13.6898,31.0664
-11.5712,-13.1785,30.9784
-2.16694,-15.3862,32.1595
-3.07775,-15.3192,32.058
-3.98851,-15.5078,31.8303
-5.01213,-15.4954,31.668
-5.39472,-15.8869,31.4234
-6.34496,-15.9329,31.238
-7.49347,-15.7471,31.0858
-7.75252,-15.0132,31.3725
-8.12151,-14.086,31.7255
-7.55809,-13.4091,32.2034
-7.02851,-12.7482,32.5714
-6.7,-12.0338,32.8092
-1.30086,-13.356,32.9497
-1.29991,-12.281,33.3172
4.61948,-14.7752,33.0492
4.45042,-15.3641,32.7678
3.97494,-15.996,32.4233
3.43755,-16.2068,32.2715
2.71733,-16.5424,32.0634
1.80838,-16.6028,31.998
1.0112,-17.1261,31.7613
-0.277961,-16.976,31.749
-1.28891,-16.3717,31.8778
-1.50612,-15.5156,32.1912
-1.43933,-15.0363,32.3821
-1.71104,-14.2551,32.6303
5.47544,-12.4795,34.0231
5.1867,-13.229,33.7582
4.72118,-13.7614,33.507
4.32168,-14.2851,33.2314
2.822,-13.6769,33.3061
1.85129,-13.0101,33.4628
-5.88905,-4.2077,34.0918
-3.91944,-10.391,33.5117
-4.9304,-10.7352,33.2719
-5.34578,-11.3159,33.1066
-6.25145,-11.3652,33.0024
-6.51775,-10.8784,33.0554
-7.1892,-9.89938,33.1222
-7.77919,-9.15067,33.1417
-8.07348,-8.23433,33.2017
-8.54937,-7.19907,33.2225
-8.68531,-6.23468,33.2835
-8.74308,-4.90992,33.3946
-7.87882,-4.61276,33.6511
-3.82905,-6.39342,34.3086
-4.34455,-5.56322,34.2845
-4.89504,-4.50359,34.2549
-4.44727,-3.59872,34.3834
-4.17719,-2.37579,34.4826
-2.25155,-1.59594,34.7849
0.909476,-12.1634,33.6892
0.284851,-11.9312,33.6913
-0.911794,-11.5993,33.6323
-1.83379,-10.7172,33.7872
-2.71425,-10.59,33.6677
-3.50831,-10.0675,33.6718
-3.82145,-8.9637,33.882
-3.52123,-7.94296,34.1512
-3.36885,-6.8539,34.3506
-2.44138,-6.37934,34.5799
-1.54641,-6.63354,34.7041
-0.780329,-6.07687,34.8255
0.249256,-5.55184,34.9229
1.31954,-5.30089,34.9653
4.82144,-6.59046,34.9619
4.1411,-10.0317,34.6345
3.33684,-10.5316,34.497
2.23643,-10.7726,34.3628
1.33974,-10.756,34.2836
36.1467,-8.08572,28.0485
35.0064,-8.32366,28.3418
34.8163,-9.02874,28.2195
34.367,-9.73211,28.179
33.765,-10.6608,28.1409
33.388,-11.5283,28.0483
32.6297,-11.9504,28.2426
31.7935,-12.3963,28.4583
31.2884,-12.0085,28.8077
30.4172,-11.6644,29.3039
29.103,-12.3985,29.6757
28.4128,-13.1116,29.7165
27.6301,-11.9688,30.5045
27.031,-11.1333,30.9995
29.8199,-8.5561,30.1438
30.0747,-9.43286,29.9183
30.1159,-10.3207,29.7571
25.113,-8.35682,32.1375
25.5091,-9.13795,31.9387
25.1584,-10.1223,32.0043
24.8868,-10.7001,32.0356
24.5419,-11.4636,32.0214
23.9054,-12.0424,32.109
22.9305,-12.1013,32.4069
22.2376,-11.4841,32.7215
21.2584,-11.6842,32.8686
20.6929,-7.37108,33.4496
20.6823,-8.42403,33.3484
20.5082,-9.33424,33.2916
20.4552,-10.2826,33.1988
20.2147,-11.1684,33.112
19.3722,-11.6671,33.1204
18.3184,-11.6501,33.2354
17.6755,-11.169,33.4124
16.6119,-11.0462,33.5755
0.866732,29.7404,26.9529
1.04253,30.6432,26.4016
0.967901,31.6981,25.7006
1.84959,32.1799,25.4551
2.53696,32.5679,25.259
3.34785,32.5569,25.3755
4.20997,32.9379,25.2186
4.49854,31.8002,26.1154
5.12945,31.1636,26.7035
5.58543,30.3865,27.3426
0.398563,28.2516,27.7963
3.26605,26.8829,28.9234
4.0412,27.5462,28.7492
4.63711,28.084,28.5912
5.18093,28.7273,28.3407
5.62881,29.5173,27.9349
6.32062,29.0653,28.3132
7.14397,29.5662,28.064
8.04029,29.6398,28.0652
8.99893,29.3849,28.2574
9.90479,29.2959,28.2958
10.3131,28.4085,28.8472
7.99561,24.9886,30.6571
-7.82951,25.9225,27.3631
-7.57046,26.9964,26.9867
-6.39771,27.3249,27.1383
-5.58544,27.4554,27.3012
-4.42988,27.4549,27.641
-3.66368,27.0868,28.005
-2.83842,26.764,28.2958
-2.35418,26.005,28.6671
-2.11909,22.9784,29.7122
-6.43555,22.0397,29.1807
-7.25581,22.8058,28.7327
-7.25161,23.6761,28.3774
-8.0134,24.25,28.0047
-1.80348,23.8137,29.5034
-1.45147,24.6238,29.2957
-1.48501,25.6132,28.9324
-0.215758,25.9048,28.9475
0.319312,26.8686,28.5317
0.804117,26.546,28.7319
1.95998,26.3416,28.9646
2.68944,25.9499,29.2679
2.98759,25.028,29.7416
-1.91099,22.1096,30.0536
0.559357,19.4588,31.5923
1.16375,20.2466,31.3678
1.6113,21.0851,31.1113
2.3735,21.5704,31.054
2.92852,22.3764,30.8357
3.20562,23.3886,30.4764
3.466,24.1667,30.1967
4.00704,24.3903,30.1978
4.83033,23.8901,30.5563
5.39536,23.7209,30.7309
-7.03979,19.7728,29.9615
-7.07035,20.7477,29.5873
-6.13214,21.2517,29.547
-5.58194,21.4057,29.5834
-4.6085,21.0911,29.8929
-3.51435,20.7019,30.2659
-2.50244,20.7516,30.4491
-1.91657,20.1101,30.8314
-6.59519,14.9965,31.4998
-7.43459,15.5257,31.1421
-8.2736,16.171,30.7707
-8.76622,16.9708,30.4555
-8.69172,17.952,30.2122
-8.49266,18.9059,29.9726
-5.5497,13.4738,32.1152
-6.04685,14.4002,31.7913
-5.36629,15.5545,31.7109
-4.53112,15.949,31.8239
-4.14206,16.6972,31.6845
-3.65366,17.2473,31.6121
-3.01244,18.0272,31.4596
-2.46017,18.6836,31.3135
-1.7345,19.2261,31.2403
-0.689778,19.1283,31.498
0.270494,18.9682,31.7527
0.524897,18.3849,32.0552
-0.752269,15.3908,32.9825
-2.29615,11.7443,33.3293
-3.98795,12.0992,32.7465
-5.00715,12.1704,32.4609
-1.3294,13.9327,33.2682
-0.886727,14.574,33.21
0.0933529,16.4191,32.8035
0.621683,17.3238,32.5417
1.7839,17.2941,32.76
2.65808,17.0082,33.0058
3.84918,16.868,33.2099
-2.34525,10.5566,33.4219
-2.84639,11.326,33.1736
-1.68458,12.465,33.4649
-1.28838,13.2132,33.4541
-0.746464,13.1387,33.6274
0.140096,12.8295,33.9217
0.983393,12.4719,34.1783
1.78055,12.4981,34.3237
2.81347,12.461,34.4824
3.81154,12.6252,34.5371
2.90592,7.17658,34.9021
-1.26354,7.92387,34.0149
-1.58713,9.09774,33.8112
8.61099,25.4248,30.5288
9.42123,26.0278,30.265
9.98972,26.6277,29.9303
10.6238,27.2165,29.5606
11.7528,26.5555,29.8844
12.8155,26.7054,29.7344
13.8268,26.3327,29.9078
14.6832,26.1116,30.0076
15.5126,25.7062,30.2182
15.6195,24.7035,30.7722
15.8567,23.7252,31.2548
16.0191,22.3333,31.8391
6.62506,22.4552,31.4534
6.55824,23.4846,31.0423
7.64497,24.2958,30.8942
16.5964,23.243,31.4394
17.2483,23.2394,31.3914
18.2899,23.1791,31.3011
19.4118,23.1265,31.1506
20.5304,23.138,30.9272
21.6487,23.4144,30.5439
22.6738,23.2107,30.3766
22.9161,22.7833,30.5097
18.1085,18.4338,32.8477
15.5602,21.5543,32.1189
6.48376,19.1258,32.6202
6.88562,20.0086,32.3514
6.80073,20.9861,31.9978
7.73158,20.7907,32.1971
8.87555,21.0445,32.2395
10.0381,20.9725,32.3394
11.2369,21.1052,32.3307
12.2018,21.0124,32.3694
13.1266,21.0937,32.3368
14.1289,21.0177,32.3375
15.3348,20.9774,32.3071
16.0142,19.7458,32.6111
14.009,15.1158,34.0914
15.1262,15.6274,33.8474
17.2547,15.3953,33.7608
16.3881,15.9148,33.6638
15.6854,16.6312,33.4903
15.9199,17.5361,33.2043
16.543,18.5856,32.8844
17.2335,18.4366,32.8906
19.5673,18.6241,32.6959
20.5479,18.6136,32.5856
21.4558,18.9678,32.3203
19.6327,14.5385,33.7823
18.6763,14.8841,33.7961
29.0488,18.6552,29.6686
23.7497,18.356,31.8912
22.9404,18.5518,32.0973
22.4155,19.3765,31.9555
22.5546,20.2177,31.6108
22.9656,20.9725,31.2197
23.0956,21.792,30.8727
23.827,21.6746,30.6907
24.8,21.9514,30.2562
25.8065,21.629,30.0277
26.8827,21.3969,29.7115
27.9909,21.1545,29.3411
29.0026,20.727,29.0248
29.2025,19.8761,29.2033
29.163,17.7305,29.8929
30.0959,17.5823,29.4926
31.0991,17.6663,28.9667
31.9301,17.4446,28.5917
32.7712,17.4726,28.1082
33.6845,17.2457,27.6216
34.0073,16.4771,27.6482
34.2634,15.6885,27.7217
21.5893,14.8309,33.3696
22.3434,15.4029,33.0514
22.9706,16.1647,32.7046
23.6912,16.8676,32.3114
23.9822,17.7295,31.9905
25.1351,18.1539,31.4398
26.0163,17.7504,31.2162
26.9778,17.9628,30.7743
27.6342,17.7721,30.5578
28.5156,17.5406,30.2406
28.7018,16.982,30.3085
28.4673,16.0346,30.6483
28.6591,15.2017,30.7544
28.0664,14.6916,31.125
27.9297,13.6722,31.4088
27.4867,12.9457,31.7576
21.4986,12.8815,33.7831
20.9448,13.9258,33.7031
41.4705,-4.67549,26.8484
45.1907,-2.05593,25.6627
45.1488,-3.16791,25.6343
45.1109,-5.28209,25.3659
45.1387,-6.27573,25.115
43.7432,-6.35669,25.651
49.0524,1.97695,24.0544
49.0962,0.92346,24.1428
49.1674,-0.218664,24.1734
48.2201,-0.691354,24.5425
47.2829,-1.0267,24.8918
46.2083,-0.923138,25.2752
45.2653,-1.12114,25.6282
44.4626,-0.318271,25.8976
50.5478,6.58549,22.1948
50.7079,5.69432,22.3982
50.4333,4.90135,22.7868
50.2579,4.12301,23.108
49.6534,3.53451,23.5294
48.6629,3.28731,23.9795
48.041,3.63114,24.1403
47.0042,3.93418,24.4615
45.9423,3.76452,24.8896
46.495,11.3335,22.5508
47.6237,10.9169,22.1299
48.3339,10.0852,22.077
49.2444,9.77057,21.7153
50.0546,9.45531,21.3924
50.4443,8.50667,21.5533
42.3009,-6.01742,26.2861
42.8659,-6.77109,25.9054
42.2609,-6.84153,26.1328
42.1258,-7.84437,25.9747
41.4652,-7.73934,26.2644
40.6026,-7.83572,26.5841
39.7896,-8.05893,26.8479
38.8366,-8.45927,27.0941
37.6825,-8.74017,27.3914
37.2222,-8.39153,27.6332
36.6518,-7.61212,28.0118
41.5876,-1.40618,27.1193
41.8251,-2.38792,26.983
41.8004,-3.2649,26.9211
41.6818,-4.11262,26.8583
39.4373,-1.93367,27.9871
39.3777,-3.10342,27.8856
38.7995,-4.01856,27.9656
37.8939,-4.70386,28.177
42.7272,14.6167,23.0974
43.463,13.8152,23.0597
43.5715,12.9141,23.3922
44.4515,12.6143,23.0662
44.5561,11.6262,23.4155
45.4294,10.9957,23.2195
44.9316,9.85844,23.8714
44.378,8.96675,24.4178
43.8555,8.23487,24.8646
39.7955,14.4809,24.7772
40.5742,15.2789,24.0073
41.1213,15.2728,23.698
41.8314,14.4442,23.6538
41.7485,13.2199,24.2105
41.1434,12.2969,24.9016
41.521,11.3623,25.0614
41.6017,10.4259,25.3468
41.2562,9.52819,25.7979
42.6217,7.61491,25.6015
43.5158,7.46896,25.2064
43.5998,6.26563,25.4151
43.7634,5.36931,25.506
44.1142,4.48223,25.5048
44.9008,3.77085,25.2935
44.6466,3.234,25.474
44.3281,2.38663,25.7066
43.9438,1.56374,25.9464
43.74,0.561413,26.1196
42.2916,0.164229,26.7722
40.2033,8.25039,26.6595
41.2666,8.51894,26.0593
42.0858,7.39492,25.9108
42.1502,6.72647,26.0157
41.9214,5.66501,26.3216
42.0114,4.56447,26.4529
41.6327,3.90019,26.7274
41.6207,2.85044,26.8548
41.3218,1.85352,27.0929
41.2592,0.85557,27.1995
41.593,-0.153296,27.1023
41.3343,-0.751345,27.2322
40.7304,-0.681324,27.4971
39.803,-1.02313,27.8865
39.4864,-0.292521,28.0149
38.6346,0.201736,28.3262
34.3632,14.1473,28.0866
34.7966,15.1042,27.5684
35.3464,14.9525,27.2771
36.266,14.7626,26.7703
37.2357,14.4825,26.2725
38.3174,14.0627,25.7859
39.1174,13.255,25.6298
38.4951,12.6328,26.2041
38.3968,11.779,26.5589
38.1191,10.9076,26.9919
35.8213,9.53557,28.5176
35.499,4.30067,29.3084
35.8604,5.15674,29.1104
36.0275,6.03644,28.9721
36.366,7.24666,28.6923
36.9377,8.11071,28.2986
36.8895,9.18603,28.0889
37.6637,9.5527,27.6165
39.0072,8.4425,27.2209
39.7621,7.61572,27.0207
39.5019,7.00156,27.2699
39.4525,5.92076,27.483
39.1491,5.08183,27.7494
38.7281,4.36071,28.0214
38.4777,3.35465,28.2225
38.4153,2.4675,28.308
37.6521,2.03308,28.6132
37.33,1.03436,28.7619
36.9029,0.418778,28.9185
34.8052,0.57728,29.608
35.805,0.471633,29.2765
35.8284,-0.72472,29.2591
35.8223,-1.63747,29.2239
35.8522,-2.54729,29.1436
36.2496,-3.40359,28.9243
36.5962,-4.49214,28.6501
36.9989,-5.56105,28.3299
36.3901,-6.50327,28.34
36.4166,-7.41696,28.1311
35.8663,-7.26467,28.3345
34.7,-7.37433,28.6628
33.8833,-6.78171,29.0401
32.8794,-6.55228,29.3971
33.5672,-0.0163502,30.0262
32.3663,-2.76699,30.1539
32.2863,-3.8809,30.0305
31.9249,-5.10083,29.9572
32.0733,-6.22283,29.7161
31.4786,-6.4635,29.8672
30.5149,-6.67016,30.1615
29.6447,-7.21821,30.3938
28.4657,-6.45484,30.9419
22.8822,-5.20791,33.0545
21.839,-5.60342,33.325
21.072,-6.10997,33.4836
19.958,-5.73735,33.8038
23.0221,-1.14538,33.7376
25.3372,0.910632,33.5064
28.7214,-0.2756,32.0053
29.3206,-1.56018,31.4518
28.3841,-2.1827,31.6779
28.3342,-2.98702,31.5176
27.9115,-3.6786,31.5385
27.9043,-4.69051,31.3826
27.7052,-5.80881,31.3106
27.0907,-5.59286,31.5675
26.2482,-6.28572,31.8286
25.3319,-6.89711,32.1368
24.3268,-5.89067,32.5485
23.415,-5.14591,32.8946
23.6928,-3.89621,32.9416
23.6034,-2.94441,33.134
31.022,0.998125,31.144
29.6916,-1.1677,31.3847
29.2788,-0.872439,31.6287
29.0132,11.2569,31.4004
29.9146,11.8737,30.8753
30.9013,12.2309,30.339
32.0573,12.3348,29.753
33.0889,12.6839,29.1493
33.9807,13.0401,28.5845
34.0524,12.3934,28.7027
34.3662,11.125,28.8487
35.0559,10.3065,28.7055
35.3101,9.52622,28.763
34.3296,8.58728,29.3981
33.847,7.8561,29.7214
30.7317,1.94634,31.3528
30.5224,2.90202,31.4931
30.9371,7.33516,31.0842
31.7938,7.56578,30.6679
32.5999,7.16726,30.3509
33.4505,7.10365,29.9835
33.3225,6.47716,30.0987
33.5378,5.31587,30.0867
34.0339,4.50585,29.9103
34.2166,3.86782,29.8507
34.3431,3.22736,29.8044
33.9783,2.15211,29.9337
34.3092,1.15638,29.7883
34.2127,0.555906,29.8132
32.9916,-0.943956,30.1647
32.2059,-1.6367,30.348
31.7322,-1.31351,30.5533
31.0314,-0.859838,30.8876
31.1593,0.0876003,30.9813
20.3843,8.85019,34.6133
20.8813,9.70037,34.4369
21.6392,10.5655,34.1482
21.9892,11.5265,33.9014
23.0248,11.7451,33.5645
24.0582,11.6758,33.25
24.9288,12.1124,32.8768
26.0303,12.0484,32.4967
26.796,12.3279,32.1566
27.3376,12.1559,31.9729
28.04,11.6559,31.7629
28.6308,10.992,31.6161
28.4406,10.4492,31.7901
28.1019,9.56723,32.098
30.2046,7.36591,31.4218
29.9934,6.28893,31.6251
29.9842,5.10478,31.7151
29.6041,4.11098,31.9325
29.865,3.14809,31.8127
28.6987,2.62292,32.3441
28.408,1.57536,32.4153
28.0001,0.563321,32.469
27.1096,0.564286,32.8223
26.2165,0.683894,33.1715
24.936,6.87111,33.7061
25.8582,7.27878,33.34
26.7662,7.63464,32.9522
27.5958,8.01694,32.5663
28.4152,8.50101,32.1287
28.8519,8.12196,31.9732
6.29172,17.9805,33.0326
7.86491,17.6998,33.2979
8.65706,17.0828,33.5797
9.62585,16.802,33.715
10.6615,16.3162,33.8856
11.8224,15.8441,34.0012
12.6291,15.0346,34.2059
13.6906,14.6674,34.2445
13.4458,13.842,34.4762
13.8185,12.9578,34.6419
5.75746,11.8242,34.7552
4.995,12.5312,34.6196
5.09322,13.5744,34.4227
5.04562,14.5695,34.1688
4.86429,15.6259,33.8115
4.69784,16.5822,33.4239
5.08338,17.2054,33.2062
5.89081,8.9193,34.9587
5.90179,9.86333,34.9232
6.17676,11.064,34.8475
7.55463,11.1578,34.8934
8.48457,11.2403,34.9179
9.61975,11.1681,34.9336
10.8864,11.0755,34.9305
11.8742,10.8988,34.932
13.5827,8.0363,34.9934
13.4038,9.03242,34.9826
13.3215,10.0344,34.9574
13.1586,10.9473,34.9143
13.7196,11.9673,34.802
14.8731,11.9512,34.7417
15.6258,11.3006,34.7858
16.3566,10.494,34.8366
17.0868,9.64738,34.8708
17.638,8.73055,34.8994
23.8384,2.29845,34.0983
24.2956,1.43316,33.8927
23.3728,0.399383,33.9715
22.639,-0.404733,33.9992
21.8872,-0.259765,34.202
20.862,-0.395658,34.3852
19.848,-0.383415,34.5486
18.1901,7.579,34.9215
19.1004,7.6003,34.8571
20.1624,7.91241,34.7186
21.1003,7.27942,34.6232
22.1619,7.17877,34.4337
22.9308,6.54505,34.3054
23.7386,6.14361,34.1173
23.6771,5.50105,34.1547
24.0861,4.69695,34.0538
23.6506,3.7606,34.1843
22.3142,3.84962,34.4997
21.4589,3.36234,34.6416
20.4291,3.28004,34.7729
19.377,3.23598,34.8677
18.3545,3.24221,34.9284
17.4422,3.09173,34.9574
16.5132,3.06881,34.9736
16.2916,6.26834,34.9885
17.1603,6.75733,34.9738
-3.32693,-1.73377,34.641
-4.41015,-0.978615,34.4856
-5.38497,-0.371209,34.3267
-0.809544,-1.41076,34.905
-1.73749,-1.33829,34.8368
-6.81116,0.977314,34.034
-7.52074,1.71309,33.842
-8.05659,2.86965,33.6088
-8.25805,3.92391,33.4093
-7.90666,4.41798,33.3964
-7.18216,5.35896,33.3554
-6.57546,6.20179,33.2737
-5.85358,6.3557,33.3417
-4.9607,6.41342,33.4562
-3.95938,6.41152,33.6184
-3.03479,6.44041,33.7817
-1.89523,6.18332,34.0691
-0.426399,3.42939,34.6885
-1.03115,3.29422,34.6413
-1.8225,2.72241,34.6415
-2.78338,2.61753,34.5458
-3.46176,1.86354,34.5374
-4.4464,1.76843,34.4107
-5.19456,1.23846,34.3361
-5.76626,0.516154,34.2559
3.63035,7.44683,34.936
4.52853,8.00709,34.9528
5.50027,8.07083,34.9707
6.89901,7.67623,34.9886
7.78973,6.90764,34.9965
8.74558,6.25743,34.9989
0.912554,2.98713,34.8476
0.126174,3.6695,34.7304
-0.3295,4.5746,34.5895
-0.682996,5.4278,34.4384
-0.798997,6.27916,34.3182
-0.641712,6.86045,34.2965
-0.0776962,6.89748,34.4342
0.898815,7.12589,34.6335
1.95443,7.1463,34.8052
17.7631,-0.113352,34.7972
18.8533,-0.454926,34.6626
19.1335,-1.6557,34.4895
19.2002,-2.83387,34.3529
19.0314,-3.97984,34.2512
19.4117,-5.00736,34.0273
18.9731,-5.8419,34.007
17.7729,-6.20414,34.18
16.9435,-6.59376,34.2533
16.345,0.309913,34.9069
15.0269,-6.08909,34.5575
15.9396,-6.71124,34.3721
15.5716,-7.62267,34.2988
15.6339,-8.7152,34.1412
15.6532,-9.66421,33.9892
15.7155,-10.6252,33.7952
14.6157,-11.5653,33.7204
13.7897,-12.245,33.6041
13.1595,-12.2701,33.6581
11.1198,-11.8795,33.9628
5.08254,-10.2738,34.5964
4.86155,-9.28915,34.7648
5.13117,-8.21884,34.8734
10.828,-7.27577,34.833
10.817,-8.48787,34.7373
10.7403,-9.56764,34.6008
10.6025,-10.5235,34.4063
10.3451,-11.4088,34.1681
9.70072,-11.5912,34.1516
9.24671,-12.2825,33.9691
7.94678,-11.7865,34.1868
6.75271,-11.7864,34.2214
5.78994,-11.8501,34.2107
9.39039,5.30117,34.9997
10.7242,5.72508,34.9996
11.8141,5.82374,34.9995
12.6167,6.37698,34.9994
13.5915,6.78318,34.9984
14.5913,6.12592,34.9977
15.3114,5.51489,34.9959
15.4037,4.6204,34.9941
15.3469,3.7389,34.9902
15.55,3.01086,34.9827
15.007,1.40915,34.9726
15.2085,0.25408,34.9518
15.1252,-0.271817,34.9433
11.8756,-5.72644,34.8513
11.0284,-6.12108,34.8827
10.5667,-5.69329,34.9189
9.54472,-5.28906,34.9596
8.91463,-4.58254,34.9806
10.1051,0.82248,34.9987
10.9316,0.368176,34.9967
11.9905,0.123832,34.9921
12.9838,-0.123425,34.9841
14.0445,-0.835152,34.9581
14.2642,-1.81033,34.9282
14.2907,-3.06395,34.8832
14.0793,-4.23072,34.8236
13.7991,-5.21302,34.7554
1.57726,1.22736,34.9425
1.58479,2.1726,34.9191
1.91978,2.68644,34.9222
2.94674,3.12406,34.9524
3.86507,3.11566,34.9744
5.05847,3.55278,34.9897
6.00279,3.51016,34.9963
6.92785,3.54454,34.9988
7.87273,3.4235,34.9996
9.05097,3.84555,34.9998
9.17905,3.18683,34.9998
9.16854,1.91528,34.9997
8.97811,1.02208,34.9995
8.63249,0.648903,34.9994
3.35012,-5.67789,34.9818
2.68284,-4.83695,34.9879
1.84667,-4.16813,34.9853
1.37974,-3.43332,34.9817
0.710054,-2.31544,34.9679
0.351921,-1.21132,34.9557
1.05392,-0.531494,34.9666
1.97236,0.160374,34.9708
2.95184,-0.0991125,34.9863
3.93012,-0.502832,34.9946
4.74139,-0.147059,34.9974
5.77047,0.107441,34.9988
6.82994,-0.156076,34.9993
7.95689,-0.116833,34.999
8.01162,-0.778823,34.9983
7.95276,-1.90493,34.9974
8.36109,-3.01229,34.9944
8.16915,-3.87517,34.992
7.67961,-4.84651,34.9868
7.12008,-5.87895,34.9764
6.62433,-6.33496,34.9681
5.72175,-7.30969,34.93
42.9562,10.7875,24.4793
42.8202,3.44543,26.191
40.3116,-20.5393,20.6254
38.5948,25.4411,21.8564
39.0968,21.2288,22.7161
37.2362,16.5505,25.5823
35.0948,6.89817,29.2477
40.1276,3.54072,27.3983
37.0123,4.67141,28.5846
37.6312,-1.99861,28.568
39.7419,-5.3275,27.3377
40.3911,-11.5884,25.3867
37.2113,-16.3528,24.5668
36.928,-21.1116,22.2314
33.2836,29.0608,22.4305
35.1091,22.9481,24.5991
32.0771,3.41491,30.709
34.388,-3.67268,29.3786
35.2388,-12.0308,27.1264
32.5634,-18.6996,25.5817
33.0583,-23.3797,23.0732
47.1472,7.10032,23.6033
46.5306,1.39464,24.9853
43.4372,-3.12624,26.212
47.6612,-4.0875,24.4349
44.5098,-8.62756,24.7538
28.835,33.1766,21.7922
30.7451,26.1096,25.4377
31.834,20.2063,27.6848
31.6933,9.89851,30.3633
30.9321,14.6589,29.7467
29.7651,0.959907,31.6974
30.1253,-4.05041,30.7166
27.836,-9.1932,30.8684
25.9962,-12.8556,30.8645
29.4435,-15.0778,28.4359
29.2996,-23.2708,25.049
26.2735,30.6841,24.2004
24.61,34.7191,21.8384
24.6302,28.1737,26.7283
26.335,23.5083,28.9267
25.8948,19.6694,30.6261
25.0794,14.7626,32.23
24.5718,9.41004,33.3977
26.9337,4.47678,32.9774
25.8401,-2.35435,32.5964
22.8775,-8.70948,32.7792
23.292,-17.021,30.042
25.9433,-20.2173,27.8029
24.9998,-25.64,25.3495
19.9285,33.7705,23.4893
19.2531,30.4493,26.4283
19.5717,25.6108,29.7525
19.9644,16.859,33.0473
19.3098,21.023,31.88
19.5098,5.19736,34.7773
19.7894,1.59139,34.6487
21.1772,-3.10796,33.8348
21.2884,-13.8651,32.0187
21.0604,-25.2992,26.6983
19.6324,-20.1301,29.5428
18.5612,-30.6298,24.3444
17.9475,12.2132,34.3744
15.3726,8.77687,34.9394
16.6427,-3.21085,34.6392
16.157,-14.5678,32.4897
13.8456,32.2595,25.8169
13.6019,28.4806,28.5641
11.0476,-2.4932,34.9572
13.1565,-8.8491,34.3836
11.3445,-15.107,32.7469
13.8785,-20.3164,30.131
15.1643,-24.8046,28.0186
15.2941,-28.189,26.0844
13.1664,-31.4957,24.7185
7.69987,31.8951,26.3239
6.6533,26.776,29.5033
11.4848,23.5934,31.2919
11.757,18.4987,33.0621
8.95,14.0902,34.3711
9.83245,8.68481,34.9757
8.1426,-8.66098,34.7165
7.08321,-15.0112,33.0169
7.82702,-20.7332,30.357
8.22711,-25.6225,28.3253
9.11932,-29.2921,26.4205
9.55446,-34.3713,23.673
2.87983,29.5544,27.3156
0.38674,22.9877,30.1539
3.93303,20.1522,31.8746
2.08175,14.7046,33.7087
4.23657,5.3277,34.907
5.51114,1.66902,34.9901
4.75289,-3.01429,34.9909
3.44852,-12.0303,34.0078
1.92037,-19.2822,30.995
2.4827,-24.1444,29.0024
3.38279,-29.041,26.4181
4.65571,-33.0691,24.344
-1.60965,29.6521,26.7577
1.69286,10.0805,34.4584
-2.56921,15.432,32.3729
-1.5664,0.723762,34.7534
0.776484,-8.32209,34.5906
1.02416,-14.6077,32.7321
-1.22028,-26.0905,27.6522
-2.16437,-30.2785,25.2108
-1.39886,-34.4664,22.9737
-5.93532,30.5773,25.5069
-4.69465,24.2633,28.7138
-5.48895,18.3338,30.7458
-9.20754,13.0541,31.2655
-4.44772,8.8559,33.1157
-4.40586,3.95811,34.0478
-6.02272,-7.53696,33.662
-4.37954,-13.3288,32.5923
-4.33539,-17.7265,30.8329
-6.23238,-25.9978,27.0189
-7.42929,-29.7779,24.5594
-10.8969,26.5648,26.4113
-9.46581,19.3616,29.5633
-11.3724,21.7001,28.3172
-10.2159,6.57686,32.4696
-8.05211,-0.964319,33.7108
-13.3803,-0.155165,32.1591
-10.6717,-16.2669,30.0676
-10.125,-21.6058,28.0154
-10.8956,-27.6147,24.8373
-15.9505,24.2246,25.9051
-14.1488,15.373,29.4626
-17.529,17.0033,27.6744
-14.7554,5.72139,31.2865
-16.0342,10.5832,29.6722
-19.165,4.62725,29.5917
-16.4862,-4.19218,31.3214
-15.3766,-12.944,29.8605
-16.2351,-21.161,26.3691
-20.2691,-15.4443,26.9142
-20.988,21.2715,24.823
-22.3256,16.8455,25.2644
-22.5817,12.072,25.9175
-21.6098,7.34141,27.4837
-19.2138,-0.297325,30.2814
-23.7917,1.81682,27.8474
-18.038,-9.40848,29.7605
-22.5912,-4.42759,28.6504
-23.4626,-10.6421,26.7016
-23.967,-16.5292,24.4834
-26.0223,9.33194,24.38
-26.3901,3.72176,25.5857
-29.6026,6.68026,22.8151
-27.3268,-1.67696,26.2091
-30.1826,-0.814176,23.9537
-26.8371,-7.17349,25.7335
-30.8763,-7.0356,22.7849
-6.38056,0.324576,18.2278
-15.6115,-18.0536,28.0405
-10.6181,-9.18281,32.4485
12.452,3.0018,34.9943
18.2967,-8.6356,33.7247
32.3821,-9.01383,29.0773
36.3476,12.275,27.4857
42.5031,17.9056,21.8844
40.0075,11.4681,25.757
-3.42352,-22.3926,29.1375
-1.65751,-3.93387,34.7489
1838,1839,1852,1853,1841,1830,1829,1828,1827,1826,1825,1824,1823,1822,1834,1835,1836,1837
1858,1859,1860,1861,1849,1848,1847,1846,1845,1844,1843,1842,1841,1853,1854,1855,1856,1857
885,886,887,888,901,900,899,898,873,874,875,876,877,878,879,880,881,882,883,884
1306,1308,1309,1311,1312,1313,1314,1315,1316,1317,1324,1323,1322,1321
1318,1328,1329,1330,1331,1334,1335,1336,1337,1338,1324,1323,1322,1321,1320,1307,1319
1754,1755,1868,1869,1870,1871,1872,1873,1832,1332,1333,1334,1331,1330,1329,1328,1327,1753
1960,1961,1962,1963,1878,1879,1880,1881,1883,1951,1952,1953,1959
1891,1892,1893,1894,1866,1865,1864,1862,1861,1860,1859,1858,1857,1856,1855,1854,1853,1852,1886,1887,1888,1889,1890
1878,1963,1964,1965,1966,1897,1894,1893,1892,1891,1890,1889,1888,1887,1886,1884,1883,1881,1880,1879
1900,1901,1902,1903,1821,1820,1819,1818,1864,1865,1866,1894,1897,1898,1899
1903,1905,1813,1811,1810,1809,1808,1807,1806,1804,1803,1774,1817,1816,1815,1814,1862,1864,1818,1819,1820,1821
1383,1392,1391,1390,1389,1811,1810,1809,1808,1807,1806,1370,1371,1372,1373,1374,1375,1376,1377,1378,1379,1380,1381,1382,895
892,893,894,1388,1387,1386,1385,1384,1383,895,1382,1381,896,897,898,899,900,901,869,889,890,891
864,866,867,868,890,889,869,901,888,887,886,885,884,883,870,871,872
1289,1290,1291,1292,1293,1305,1309,1311,1283,1282,1281,1280,1279,1278,1277,1275
1299,1300,1301,1302,1303,1304,1305,1309,1308,1306,1321,1320,1307,1319,1318,1328,1327,1298,1296
1955,1991,1990,1989,1988,1987,1956,1957,1958,1959,1960,1961,1962,1963,1964,1965,1966,1967,1910,1968,1969,1971,1972,1939,1954
1912,1913,1914,1909,1908,1907,1906,1905,1903,1902,1901,1900,1899,1898,1897,1966,1967,1910,1968,1969,1911
1398,1550,1549,1548,1547,1546,1545,1543,1813,1811,1389,1390,1391,1392,1383,1384,1385,1386,1387,1388,1401,1400,1399
919,920,921,863,862,861,866,867,868,890,891,892,893,894,1388,1401,1402,1403,1404,1405,1406
853,854,855,856,863,862,861,866,864,857,858,859,851,852
1842,1843,1844,1845,1796,1795,1794,1793,1792,1791,1790,1789,1788,1802,1801,1800,1799,1798,1797,1827,1828,1829,1830,1841
1786,1849,1848,1847,1846,1845,1796,1795,1794,1793,1780,1781,1782,1783,1784,1785
1816,1817,1774,1803,1804,1778,1777,1348,1776,1775,1786,1849,1861,1862,1814,1815
1777,1778,1363,1361,1360,1359,1358,1357,1356,1355,1354,1353,1352,1351,1350,1349,1782,1783,1784,1785,1786,1775,1776,1348
1370,1371,1372,1369,1368,1367,1366,1365,1364,1363,1778,1804,1806
1257,1258,1259,1260,1261,1275,1277,1226,1225,1224,1223,1222,1221,1235,1236,1237
1284,1285,1287,1289,1290,1291,1292,1293,1305,1304,1303,1302,1301,1294,1246
1734,1747,1746,1294,1301,1300,1299,1296,1298,1327,1753,1752,1751,1750,1749,1748
1986,2001,1987,1956,1957,1958,1959,1953,1952,1951,1950,1949,1948,1947,1946,1945,1944,1943,1942,1984,1985
1770,1771,1981,1982,1983,1984,1942,1943,1944,1945,1946,1947,1868,1755,1754,1753,1752,1751,1750,1749,1748,1765,1766,1767,1768,1769
1925,1994,1993,1992,1991,1955,1954,1939,1972,1971,1940,1941
1930,1931,1917,1916,1915,1914,1913,1912,1911,1969,1971,1940,1926,1927,1928,1929
1407,1562,1561,1560,1934,1933,1932,1931,1917,1557,1558,1559,1552,1554,1555,1556
1413,1414,1415,1411,1410,1409,1408,1554,1555,1556,1407,1562,1563,1564,1565,1412
1396,1411,1410,1409,1408,1554,1552,1550,1398,1399,1400,1401,1402,1403,1404,1405,1406,1393,1394,1395
850,926,925,924,923,922,921,863,856,855,854,853,846,847,848,849
1266,1267,1268,1270,1271,1273,1257,1258,1259,1260,1261,1275,1289,1287,1262,1263,1264,1265
1271,1273,1257,1237,1236,1235,1234,1233,1232,1231,1230,1229,1228
1254,1255,1256,1247,1248,1249,1268,1267,1266,1265,1264,1263,1262,1287,1285,1250,1251,1252,1253
1705,1740,1741,1742,1743,1744,1745,1746,1294,1246,1284,1285,1250,1251,1252,1245,1244
1736,1737,1738,1739,1740,1741,1742,1743,1744,1745,1746,1747,1734,1748,1765,1764,1763,1762,1761,1760,1735
1773,1976,1977,1978,1979,1980,1981,1771,1770,1769,1768,1767,1766,1765,1764,1763,1762,1761,1760,1759,1758,1757,1756
1973,2047,2048,2049,2050,2051,1997,1998,1999,2000,2001,1986,1985,1984,1983,1982,1981,1980,1979,1978,1977,1976,1975,1974
2039,2054,2053,2052,2051,1997,1998,1999,2000,2001,1987,1988,1989,1990,1991,1992,1993,1994,1995,1996,1924
1937,1938,1923,2041,2039,1924,1996,1995,1994,1925,1941,1940,1926,1927,1928,1929,1930,1931,1932,1933,1934,1936
1571,1572,1573,1568,1567,1566,1565,1564,1563,1562,1561,1560,1934,1936,1919,1920,1921,1569,1570
902,932,931,930,929,928,927,1396,1411,1415,1416,1417,1418,1419
916,917,918,930,929,928,927,1396,1395,1394,1393,1406,919,920,921,922,923,924,925,926,914,915
776,777,778,779,771,770,769,768,767,766,848,849,850,926,914,774,775
1192,1193,1194,1195,1196,1197,1198,1228,1271,1270,1199,1190,1191
1219,1243,1238,1239,1240,1256,1247,1248,1249,1268,1270,1199,1190,1191,1192,1217
1693,1694,1699,1700,1701,1702,1703,1704,1705,1244,1245,1252,1253,1254,1255,1256,1240,1239,1238,1243,1242,1241,1692
1724,1725,1727,1728,1707,1729,1730,1731,1737,1736,1735,1760,1759,1758,1757,1756,1773,1732,1733,1723
1719,1727,1728,1707,1729,1730,1731,1737,1738,1739,1740,1705,1704,1703,1702,1701,1700,1699,1695,1708
2144,2145,2146,2061,2060,2059,2058,2057,2056,2055,2054,2053,2052,2051,2050,2049,2048,2047,2045,2063,2062,2143
2113,2148,2146,2061,2060,2059,2058,2057,2056,2055,2054,2039,2041,2042,2043,2044,2105,2104
2108,2109,2110,1921,1920,1919,1936,1937,1938,1923,2041,2042,2043,2044,2105,2106,2107
1422,1423,1424,1425,1419,1418,1417,1416,1415,1414,1413,1412,1565,1566,1567,1568,1573,1575,1421
786,787,796,797,773,772,780,779,778,777,776,775,774,914,915,903,904,905,906,784,785
909,910,911,912,1427,1425,1419,902,932,931,930,918,917,916,915,903,904,905,906,908
691,692,693,683,682,690,689,688,687,686,685,684,780,772,773,797,798,799,800,801,802
2032,2033,2034,2035,2036,2037,2045,2047,1973,1974,1975,1976,1773,1732,1733,1723,1724,1725,1722,1721,2010,2011,2012
2028,2141,2143,2062,2063,2045,2037,2036,2035,2034,2033,2032,2031,2030,2029
2162,2163,2115,2112,2111,2110,2109,2108,2107,2106,2105,2104,2113,2148,2159,2160,2161
1435,1436,1437,1430,1429,1428,1427,1425,1424,1423,1422,1421,1575,1576,1577,2119,2121,1432,1433,1434
1205,1206,1208,1209,1210,1211,1212,1213,1214,1215,1216,1217,1219,1220,1201,1203,1204
1687,1688,1689,1690,1691,1692,1241,1242,1243,1219,1220,1201,1203,1204,1205,1206,1598
2194,2195,2154,2153,2152,2151,2163,2162,2161,2160,2159,2158,2157,2156,2155,2176,2191,2192,2193
2129,2130,2131,2123,1431,2122,2121,2119,2118,2117,2116,2115,2163,2151,2127,2128
1445,1446,1447,1448,1449,1441,1440,1439,1438,1437,1436,1435,1434,1433,1432,2121,2122,1431,2123,2131,2133,1442,1443,1444
812,822,821,820,1441,1440,1439,1438,1437,1430,1429,1428,1427,912,911,910,909,908,807,808,809,783,813
781,788,790,791,792,793,794,795,796,787,786,785,784,906,908,807,808,809,783,782
805,806,790,791,792,793,794,795,796,797,798,799,800,801,802,803,804
696,745,744,743,742,806,805,804,803,802,691,692,693,694,695,698,697
1585,1586,1587,1593,1594,1595,1596,1597,1598,1206,1208,1189,1188,1187,1186,1185,1183,1184,1182,1584
1621,1630,1631,1632,1633,1697,1698,1600,1684,1685,1686,1687,1598,1597,1596,1595,1594,1593,1592,1591,1590,1589
1697,1711,1712,1713,1714,1715,1716,1717,1718,1719,1708,1695,1699,1694,1693,1692,1691,1690,1689,1688,1687,1686,1685,1684,1600,1698
2003,2004,2005,2006,2007,2008,2009,2010,1721,1722,1725,1727,1719,1718,1717,1716,1715,1714,1713,1712,1711,1710,1709
2014,2015,2016,2017,2018,2003,2004,2005,2006,2007,2008,2009,2010,2011,2012,2032,2031,2027,2026,2025,2024,2023,2022
2091,2092,2093,2094,2137,2138,2139,2140,2141,2028,2029,2030,2031,2027,2026,2025,2024,2023,2022,2021,2020
2124,2125,2126,2199,2198,2197,2196,2195,2154,2153,2152,2151,2127,2128,2129,2130,2131,2133,2134,2135,2136
1488,1489,1454,1453,1452,1451,1450,1449,1448,1447,1446,1445,1444,1443,1442,2133,2134,2135,2136,1499,1500,1501,1502,1487
841,842,817,765,816,815,814,813,812,822,821,820,1441,1449,1450,1451,1452,838,839,840
761,762,763,764,817,765,816,815,814,813,783,782,781,788,790,751,752,753,754,755,757,758,759,760
749,750,728,759,758,757,755,754,753,752,751,790,806,742,743,744,745,711,747
715,716,707,706,705,704,703,702,701,700,699,698,697,696,745,711,712,713,714
1173,1588,1618,1619,1620,1621,1589,1590,1591,1592,1593,1587,1586,1585,1584,1583,1582,1581,1580,1579,1578
1609,1623,1640,1656,1658,1624,1625,1626,1627,1628,1629,1630,1621,1620,1619,1618,1616,1615,1614
1624,1658,1667,1668,1669,1670,2018,2003,1709,1710,1711,1697,1633,1632,1631,1630,1629,1628,1627,1626,1625
1664,1665,1660,1666,1667,1668,1669,1670,2018,2017,2016,2015,2014,1680,1679,1678,1677,1676,1675,1674
2096,2097,2098,2099,2100,2101,2102,2103,1681,2089,2090,2091,2092,2093,2094,2137,2173,2172,2171,2170,2169,2168,2167,2165
2185,2186,2187,2188,2189,2190,2191,2176,2175,2174,2173,2172,2171,2170,2169,2168,2167,2165
2180,2181,2182,2183,2185,2186,2187,2188,2189,2190,2191,2192,2193,2194,2195,2196,2197,2198,2199,1538,2178,2179
1504,1524,1542,1541,1540,1539,2124,2136,1499,1500,1501,1502,1503
832,833,834,835,836,837,1494,1493,1492,1491,1490,1489,1454,1453,1452,838,839,840,841,842,843,844,845,830,831
724,725,726,727,830,845,844,843,842,817,764,763,762,761,760,741,740,739,722,723
734,735,736,737,739,740,741,760,759,728,750,749,729,730,731,732,733
658,708,709,710,733,732,731,730,729,749,747,711,712,713,714,715,716,717,718,719,720,721
1171,1174,1175,1176,1177,1178,1179,1180,1181,1172,1580,1579,1578,1173,1588,1618,1616,1608,1607,1606,1605
1063,1683,1682,2100,2101,2102,2103,1681,2089,2090,2091,2020,2021,2022,2014,1680,1679,1678,1677,1676,1675,1674,1673,1661,1672,1671
1649,1663,1672,1661,1673,1674,1664,1665,1660,1666,1667,1658,1656,1655,1654,1653,1652,1651,1650
2066,2088,2087,2086,2085,2084,2083,2082,2081,2096,2165,2185,2183,2067,2068,1523,2064,2065
1529,1530,1531,1532,1533,1534,1535,1536,1537,2180,2179,2178,1538,2199,2126,2125,2124,1539,1540,1541,1542,1524,1526,1527,1528
1496,1497,1498,1485,1486,1526,1524,1504,1503,1502,1487,1488,1489,1490,1491,1492,1493,1494
647,648,649,650,651,725,724,723,722,739,737,680,679,678
671,672,673,674,675,676,677,678,679,680,737,736,735,734,733,710,681,657,666,667,668,656,669,670
652,653,654,655,669,656,668,667,666,657,681,710,709,708,658,721,659,660,661,662,663,664,665
1162,1163,1164,1165,1166,1167,1168,1169,1170,1178,1177,1176,1175,1174,1171,1605,1604,1603,1602
1611,1613,1602,1603,1604,1605,1606,1607,1608,1616,1615,1614,1609,1623,1640,1639,1638,1637,1636
1645,1646,1647,1634,1636,1637,1638,1639,1640,1656,1655,1654,1653,1652,1651,1650,1649,1642,1643,1644
1052,1053,1054,1045,1055,1056,1057,1058,1645,1644,1643,1642,1649,1663,1062,1061,1060,1059,1066,1011,1049,1050,1051
1064,1065,1066,1059,1060,1061,1062,1663,1672,1671,1063,1683,1682,2100,2099,2080,2079,2078,2077,2076,2075
2071,2072,2073,2074,2075,2076,2077,2078,2079,2080,2099,2098,2097,2096,2081,2082,2083,2084,2085,2086,2087,2088,2069,2070
1512,1513,1514,1515,1516,1517,975,1505,1520,1519,1518,1532,1531,1530,1529,1506,1507,1508,1509,1510,1511
1481,1482,1483,1484,1509,1508,1507,1506,1529,1528,1527,1526,1486,1485,1498,1497,1496,1473,1474,1475,1476,1477,1478,1479
823,824,825,826,1479,1478,1477,1476,1475,1474,1473,1496,1494,837,836,835,834,833,827,828,829,625
604,605,601,600,599,673,674,675,676,677,678,647,648,649,642,643,644,626,627,628,629,630,603
610,611,670,671,672,673,599,600,601,605,606,607,608,609
1152,1153,1154,1155,1156,1157,1158,1159,1160,1162,1602,1613,1148,1149,1150,1025,1151
1032,1043,1056,1057,1058,1645,1646,1647,1634,1636,1611,1026,1027,1028,1029,1030,1031
1133,1134,1041,1043,1032,1031,1030,1029,1028,1027,1026,1611,1613,1148,1149,1150,1025,1151,1131,1132
1007,1008,1009,1010,1018,1017,1016,1050,1049,1011,1066,1065,1064,2075,2074,2073,2072,1012,1013,1005,1006
977,978,968,979,974,1005,1013,1012,2072,2071,2070,2069,2088,2066,2065,2064,1522,1521,1520,1505,975,1517,1516,1468,976
971,972,973,982,1004,1003,1002,1001,1000,1006,1005,974,979,968,978,977,976,1468,1467,1466,1465,951,969,970
591,592,593,594,595,596,597,1472,1471,1470,1469,1481,1479,826,825,824,623,622,621,641,590
636,637,638,639,640,641,621,622,623,824,823,625,829,646,645,644,626,627,628,629,630,631,602,632,633,635
617,618,619,620,633,632,602,631,630,603,604,605,606,607,608,609,610,611,612,613,614,615,616
1140,1141,1142,1143,1144,1145,1146,1147,1155,1154,1153,1152,1151,1131,1132,1133,1134,1135,1136,1137,1138,1139
1037,1048,1015,1047,1046,1053,1054,1045,1055,1056,1043,1041,1040,1039,1038
1103,1104,1105,1069,1035,1034,1033,1048,1037,1038,1039,1040,1041,1134,1135,1136,1137,1123,1124,1125,1126,1127,1101,1102
980,998,999,1022,1021,1020,1019,1018,1010,1009,1008,1007,1006,1000,1001,1002,1003,1004
1024,1072,1071,1070,1069,1035,1034,1033,1048,1015,1047,1046,1053,1052,1051,1050,1016,1017,1018,1019,1020,1021,1022
989,991,990,997,996,995,1024,1022,999,998,980,1004,982,983,984,985,986,987,988
524,956,955,954,953,952,1462,1463,1464,1465,951,969,970,971,959,960,961,962,963
569,941,940,939,938,937,936,935,934,1458,1457,1456,1455,1472,597,596,595,594,593,585,584,583,570
573,574,575,576,577,579,578,589,588,587,586,638,637,636,635,571,572
563,564,565,566,567,568,943,941,569,570,583,582,581,580,579,577,562
1114,1115,1116,1117,1118,1119,1120,1121,1122,1141,1140,1139,1138,1137,1123,1124,1125,1126,1127,1128,1129,1130,1100
1111,1112,1113,1114,1100,1130,1129,1128,1127,1101,1102,1103,1104,1105,1106,1107,1108,1109,1110
1097,1098,1099,1075,1074,1073,994,1072,1071,1070,1069,1105,1106,1107,1108,1109,1110,1095,1096
1077,1078,1079,993,991,990,997,996,995,1024,1072,994,1073,1074,1075,1076
965,966,967,957,958,987,986,985,984,983,982,973,972,971,959,960,961,962,963,964
517,518,532,533,534,535,536,967,957,958,987,988,989,991,993,513,514,515,516
945,946,947,948,949,950,525,933,955,954,953,952,1462,1461,1460,1459,1458,934,935,936,937,938,939,940,941,943,944
526,527,528,529,530,531,532,533,534,535,536,967,966,965,964,963,524,956,955,933,525,950,949,948,947,539,538,537
541,542,477,543,544,545,537,538,539,947,946,945,944,943,568,567,566,553,540
546,547,548,549,550,551,552,553,566,565,564,563,562,555,556,557,558,559,560
1086,1087,1088,1089,1090,1091,1092,1093,1094,1095,1096,1097,1098,1099,1075,1076,1077,1078,1079,1080,1081,1082,1083,1084,1085
520,522,523,511,1083,1082,1081,1080,1079,993,513,514,515,516,517,518
502,503,504,505,506,507,508,509,510,1089,1088,1087,1086,1085,1084,1083,511,523,522,499,500,501
479,492,493,478,494,520,518,532,531,530,529,528,495,496,497
486,487,488,489,490,491,499,522,520,494,478,493,492,479,497,481,482,462,483,484,485
463,475,474,542,477,543,544,545,537,526,527,528,495,496,497,481,476
471,472,473,459,460,461,483,462,482,481,476,463,475,474,464,465,466,467,468,469,470
578,579,580,581,582,583,584,585,593,592,591,590,641,640,639,638,586,587,588,589
1458,1459,1460,1461,1462,1463,1464,1465,1466,1467,1468,1516,1515,1514,1513,1512,1511,1510,1509,1484,1483,1482,1481,1469,1470,1471,1472,1455,1456,1457
2175,2176,2155,2156,2157,2158,2159,2148,2146,2145,2144,2143,2141,2140,2139,2138,2137,2173,2174
2117,2118,2119,1577,1576,1575,1573,1572,1571,1570,1569,1921,2110,2111,2112,2115,2116
1558,1559,1552,1550,1549,1548,1547,1546,1545,1543,1813,1905,1906,1907,1908,1909,1914,1915,1916,1917,1557
1949,1950,1951,1883,1884,1876,1875,1874,1873,1872,1871,1870,1869,1868,1947,1948
1332,1333,1334,1335,1336,1337,1338,1339,1340,1341,1342,1343,1344,1345,1346,1347,1822,1834,1832
1876,1884,1886,1852,1839,1838,1837,1836,1835,1834,1832,1873,1874,1875
643,644,645,646,829,828,827,833,832,831,830,727,726,725,651,650,649,642
1519,1520,1521,1522,2064,1523,2068,2067,2183,2182,2181,2180,1537,1536,1535,1534,1533,1532,1518