<?xml version='1.0' encoding='ASCII'?>
<!-- Generated 20 June 2009 at 11:55 GMT-06:60 -->
<!-- Generated by CelleratorML 1.0.5 (19 June 2009) -->
<!-- Generated using Mathematica Version 7.0 for Linux x86 (64-bit) (February 18, 2009) (Release 1)-->
<CellzillaML Version='1.0'>
 <ModelAnnotation>
  <CreationTime>2009-06-20T11:55:11</CreationTime>
  <MathematicaVersion>7.0 for Linux x86 (64-bit) (February 18, 2009)</MathematicaVersion>
  <MathematicaVersionNumber>7.</MathematicaVersionNumber>
  <MathematicaReleaseNumber>1</MathematicaReleaseNumber>
  <OperatingSystem>Linux x86 (64-bit)</OperatingSystem>
  <CharacterEncoding>ISO8859-1</CharacterEncoding>
  <Creator>mathman</Creator>
  <SoftwareTool>CelleratorML 1.0.5 (19 June 2009)</SoftwareTool>
  <Description>
   <Text>This is a CellzillaML (XML) file.</Text>
  </Description>
 </ModelAnnotation>
 <CellzillaModel Name='CellzillaModel'>
  <ListOfCelleratorModels>
   <CelleratorModel>ring.xml</CelleratorModel>
  </ListOfCelleratorModels>
  <ListOfDiffusingSpecies>
   <DiffusingSpecies Identifier='X'
       Rate='DX' />
   <DiffusingSpecies Identifier='Y'
       Rate='DY' />
   <DiffusingSpecies Identifier='Z'
       Rate='DZ' />
  </ListOfDiffusingSpecies>
  <ListOfCellzillaParameters>
   <Parameter Identifier='DX'
       Value='9' />
   <Parameter Identifier='DY'
       Value='10' />
   <Parameter Identifier='DZ'
       Value='11' />
  </ListOfCellzillaParameters>
  <ListOfCellzillaIC>
   <CellzillaIC Identifier='X'>
    <math xmlns='http://www.w3.org/1998/Math/MathML'>
     <list>
      <cn type='real'>1.1990186950236907</cn>
      <cn type='real'>1.889483370844367</cn>
      <cn type='real'>2.9127928247369024</cn>
      <cn type='real'>0.733618549908341</cn>
      <cn type='real'>2.3564754864674056</cn>
      <cn type='real'>2.4433315605541353</cn>
      <cn type='real'>1.3511455028548935</cn>
      <cn type='real'>0.7023124082584555</cn>
      <cn type='real'>0.4227599838490925</cn>
      <cn type='real'>1.9692462836248072</cn>
     </list>
    </math>
   </CellzillaIC>
   <CellzillaIC Identifier='XP'>
    <math xmlns='http://www.w3.org/1998/Math/MathML'>
     <list>
      <cn type='integer'>0</cn>
      <cn type='integer'>0</cn>
      <cn type='integer'>0</cn>
      <cn type='integer'>0</cn>
      <cn type='integer'>0</cn>
      <cn type='integer'>0</cn>
      <cn type='integer'>0</cn>
      <cn type='integer'>0</cn>
      <cn type='integer'>0</cn>
      <cn type='integer'>0</cn>
     </list>
    </math>
   </CellzillaIC>
   <CellzillaIC Identifier='Y'>
    <math xmlns='http://www.w3.org/1998/Math/MathML'>
     <list>
      <cn type='real'>2.5242866038089486</cn>
      <cn type='real'>2.755982377783053</cn>
      <cn type='real'>0.38021718292679996</cn>
      <cn type='real'>1.9982850759133788</cn>
      <cn type='real'>2.837873806808272</cn>
      <cn type='real'>0.8825764841300323</cn>
      <cn type='real'>1.0796741850313856</cn>
      <cn type='real'>1.6755065898953365</cn>
      <cn type='real'>0.7867508605689695</cn>
      <cn type='real'>0.5508174047656018</cn>
     </list>
    </math>
   </CellzillaIC>
   <CellzillaIC Identifier='YP'>
    <math xmlns='http://www.w3.org/1998/Math/MathML'>
     <list>
      <cn type='integer'>0</cn>
      <cn type='integer'>0</cn>
      <cn type='integer'>0</cn>
      <cn type='integer'>0</cn>
      <cn type='integer'>0</cn>
      <cn type='integer'>0</cn>
      <cn type='integer'>0</cn>
      <cn type='integer'>0</cn>
      <cn type='integer'>0</cn>
      <cn type='integer'>0</cn>
     </list>
    </math>
   </CellzillaIC>
   <CellzillaIC Identifier='Z'>
    <math xmlns='http://www.w3.org/1998/Math/MathML'>
     <list>
      <cn type='real'>2.8602913931437968</cn>
      <cn type='real'>0.7980696498436819</cn>
      <cn type='real'>2.9575148157404154</cn>
      <cn type='real'>1.487492621346668</cn>
      <cn type='real'>2.7252418703001355</cn>
      <cn type='real'>2.5288782533361154</cn>
      <cn type='real'>1.1739052743293783</cn>
      <cn type='real'>2.483739255591601</cn>
      <cn type='real'>2.684450125149267</cn>
      <cn type='real'>2.871440438604144</cn>
     </list>
    </math>
   </CellzillaIC>
   <CellzillaIC Identifier='ZP'>
    <math xmlns='http://www.w3.org/1998/Math/MathML'>
     <list>
      <cn type='integer'>0</cn>
      <cn type='integer'>0</cn>
      <cn type='integer'>0</cn>
      <cn type='integer'>0</cn>
      <cn type='integer'>0</cn>
      <cn type='integer'>0</cn>
      <cn type='integer'>0</cn>
      <cn type='integer'>0</cn>
      <cn type='integer'>0</cn>
      <cn type='integer'>0</cn>
     </list>
    </math>
   </CellzillaIC>
  </ListOfCellzillaIC>
  <Tissue Dimension='2'>
   <Vertices Dimension='2'>
    <math xmlns='http://www.w3.org/1998/Math/MathML'>
     <list>
      <list>
       <cn type='real'>-0.6431843258400023</cn>
       <cn type='real'>6.94853654585324</cn>
      </list>
      <list>
       <cn type='real'>-0.6295314571143705</cn>
       <cn type='real'>8.074766215444365</cn>
      </list>
      <list>
       <cn type='real'>-0.19261844959655544</cn>
       <cn type='real'>8.698599876834901</cn>
      </list>
      <list>
       <cn type='real'>-0.018441603215660525</cn>
       <cn type='real'>4.755509599976242</cn>
      </list>
      <list>
       <cn type='real'>0.14086098280440057</cn>
       <cn type='real'>5.819421691331491</cn>
      </list>
      <list>
       <cn type='real'>0.186136333242804</cn>
       <cn type='real'>10.039907144925595</cn>
      </list>
      <list>
       <cn type='real'>0.606047585468555</cn>
       <cn type='real'>3.4896713155758916</cn>
      </list>
      <list>
       <cn type='real'>0.6957677600718353</cn>
       <cn type='real'>10.457472939980509</cn>
      </list>
      <list>
       <cn type='real'>1.573739020954292</cn>
       <cn type='real'>6.223367450975648</cn>
      </list>
      <list>
       <cn type='real'>2.0819476984001946</cn>
       <cn type='real'>2.545287676394779</cn>
      </list>
      <list>
       <cn type='real'>2.1074769933942266</cn>
       <cn type='real'>2.0316034679513626</cn>
      </list>
      <list>
       <cn type='real'>2.688389313503266</cn>
       <cn type='real'>7.810476408731978</cn>
      </list>
      <list>
       <cn type='real'>3.1342950253973587</cn>
       <cn type='real'>0.32431683160303804</cn>
      </list>
      <list>
       <cn type='real'>3.569049637089825</cn>
       <cn type='real'>10.029771164015289</cn>
      </list>
      <list>
       <cn type='real'>3.836311632486302</cn>
       <cn type='real'>8.508902108768934</cn>
      </list>
      <list>
       <cn type='real'>3.9896700325907406</cn>
       <cn type='real'>-0.1216257522521645</cn>
      </list>
      <list>
       <cn type='real'>4.22168833205616</cn>
       <cn type='real'>9.348708353542305</cn>
      </list>
      <list>
       <cn type='real'>4.49629811128012</cn>
       <cn type='real'>4.3497563178024325</cn>
      </list>
      <list>
       <cn type='real'>4.787038954006563</cn>
       <cn type='real'>4.428877146585602</cn>
      </list>
      <list>
       <cn type='real'>5.682108131693177</cn>
       <cn type='real'>9.518670297470967</cn>
      </list>
      <list>
       <cn type='real'>5.815287905662665</cn>
       <cn type='real'>0.3050805081823284</cn>
      </list>
      <list>
       <cn type='real'>5.939085738296557</cn>
       <cn type='real'>4.150346033731614</cn>
      </list>
      <list>
       <cn type='real'>6.447091162378234</cn>
       <cn type='real'>10.52609281386647</cn>
      </list>
      <list>
       <cn type='real'>6.520550017478731</cn>
       <cn type='real'>-0.1688136750621312</cn>
      </list>
      <list>
       <cn type='real'>6.574374522486881</cn>
       <cn type='real'>8.530161838611205</cn>
      </list>
      <list>
       <cn type='real'>6.6305297134475065</cn>
       <cn type='real'>4.410415666784363</cn>
      </list>
      <list>
       <cn type='real'>7.90901124162071</cn>
       <cn type='real'>4.355191264581337</cn>
      </list>
      <list>
       <cn type='real'>8.13005297641101</cn>
       <cn type='real'>-0.10168141571899261</cn>
      </list>
      <list>
       <cn type='real'>8.402120504471428</cn>
       <cn type='real'>0.10690067029830623</cn>
      </list>
      <list>
       <cn type='real'>8.916798506532146</cn>
       <cn type='real'>4.602997366966241</cn>
      </list>
      <list>
       <cn type='real'>9.282950219499766</cn>
       <cn type='real'>11.004851740328956</cn>
      </list>
      <list>
       <cn type='real'>9.391510487900895</cn>
       <cn type='real'>7.896788885124339</cn>
      </list>
      <list>
       <cn type='real'>9.623715540550897</cn>
       <cn type='real'>4.197127553145047</cn>
      </list>
      <list>
       <cn type='real'>9.735855175739049</cn>
       <cn type='real'>10.6322059322002</cn>
      </list>
      <list>
       <cn type='real'>9.738996064558966</cn>
       <cn type='real'>7.370220339002029</cn>
      </list>
      <list>
       <cn type='real'>10.268772797599809</cn>
       <cn type='real'>0.5819808619379461</cn>
      </list>
      <list>
       <cn type='real'>10.645668715382282</cn>
       <cn type='real'>1.0468663603677497</cn>
      </list>
     </list>
    </math>
   </Vertices>
   <Edges>
    <math xmlns='http://www.w3.org/1998/Math/MathML'>
     <list>
      <list>
       <cn type='integer'>1</cn>
       <cn type='integer'>2</cn>
      </list>
      <list>
       <cn type='integer'>1</cn>
       <cn type='integer'>5</cn>
      </list>
      <list>
       <cn type='integer'>2</cn>
       <cn type='integer'>3</cn>
      </list>
      <list>
       <cn type='integer'>3</cn>
       <cn type='integer'>6</cn>
      </list>
      <list>
       <cn type='integer'>3</cn>
       <cn type='integer'>12</cn>
      </list>
      <list>
       <cn type='integer'>4</cn>
       <cn type='integer'>5</cn>
      </list>
      <list>
       <cn type='integer'>4</cn>
       <cn type='integer'>7</cn>
      </list>
      <list>
       <cn type='integer'>5</cn>
       <cn type='integer'>9</cn>
      </list>
      <list>
       <cn type='integer'>6</cn>
       <cn type='integer'>8</cn>
      </list>
      <list>
       <cn type='integer'>7</cn>
       <cn type='integer'>10</cn>
      </list>
      <list>
       <cn type='integer'>8</cn>
       <cn type='integer'>14</cn>
      </list>
      <list>
       <cn type='integer'>9</cn>
       <cn type='integer'>12</cn>
      </list>
      <list>
       <cn type='integer'>9</cn>
       <cn type='integer'>18</cn>
      </list>
      <list>
       <cn type='integer'>10</cn>
       <cn type='integer'>11</cn>
      </list>
      <list>
       <cn type='integer'>10</cn>
       <cn type='integer'>18</cn>
      </list>
      <list>
       <cn type='integer'>11</cn>
       <cn type='integer'>13</cn>
      </list>
      <list>
       <cn type='integer'>12</cn>
       <cn type='integer'>15</cn>
      </list>
      <list>
       <cn type='integer'>13</cn>
       <cn type='integer'>16</cn>
      </list>
      <list>
       <cn type='integer'>14</cn>
       <cn type='integer'>17</cn>
      </list>
      <list>
       <cn type='integer'>15</cn>
       <cn type='integer'>17</cn>
      </list>
      <list>
       <cn type='integer'>15</cn>
       <cn type='integer'>19</cn>
      </list>
      <list>
       <cn type='integer'>16</cn>
       <cn type='integer'>21</cn>
      </list>
      <list>
       <cn type='integer'>17</cn>
       <cn type='integer'>20</cn>
      </list>
      <list>
       <cn type='integer'>18</cn>
       <cn type='integer'>19</cn>
      </list>
      <list>
       <cn type='integer'>19</cn>
       <cn type='integer'>22</cn>
      </list>
      <list>
       <cn type='integer'>20</cn>
       <cn type='integer'>23</cn>
      </list>
      <list>
       <cn type='integer'>20</cn>
       <cn type='integer'>25</cn>
      </list>
      <list>
       <cn type='integer'>21</cn>
       <cn type='integer'>22</cn>
      </list>
      <list>
       <cn type='integer'>21</cn>
       <cn type='integer'>24</cn>
      </list>
      <list>
       <cn type='integer'>22</cn>
       <cn type='integer'>26</cn>
      </list>
      <list>
       <cn type='integer'>23</cn>
       <cn type='integer'>31</cn>
      </list>
      <list>
       <cn type='integer'>24</cn>
       <cn type='integer'>28</cn>
      </list>
      <list>
       <cn type='integer'>25</cn>
       <cn type='integer'>26</cn>
      </list>
      <list>
       <cn type='integer'>25</cn>
       <cn type='integer'>32</cn>
      </list>
      <list>
       <cn type='integer'>26</cn>
       <cn type='integer'>27</cn>
      </list>
      <list>
       <cn type='integer'>27</cn>
       <cn type='integer'>29</cn>
      </list>
      <list>
       <cn type='integer'>27</cn>
       <cn type='integer'>30</cn>
      </list>
      <list>
       <cn type='integer'>28</cn>
       <cn type='integer'>29</cn>
      </list>
      <list>
       <cn type='integer'>29</cn>
       <cn type='integer'>36</cn>
      </list>
      <list>
       <cn type='integer'>30</cn>
       <cn type='integer'>33</cn>
      </list>
      <list>
       <cn type='integer'>30</cn>
       <cn type='integer'>35</cn>
      </list>
      <list>
       <cn type='integer'>31</cn>
       <cn type='integer'>34</cn>
      </list>
      <list>
       <cn type='integer'>32</cn>
       <cn type='integer'>34</cn>
      </list>
      <list>
       <cn type='integer'>32</cn>
       <cn type='integer'>35</cn>
      </list>
      <list>
       <cn type='integer'>33</cn>
       <cn type='integer'>37</cn>
      </list>
      <list>
       <cn type='integer'>36</cn>
       <cn type='integer'>37</cn>
      </list>
     </list>
    </math>
   </Edges>
   <Cells>
    <math xmlns='http://www.w3.org/1998/Math/MathML'>
     <list>
      <list>
       <cn type='integer'>15</cn>
       <cn type='integer'>14</cn>
       <cn type='integer'>16</cn>
       <cn type='integer'>18</cn>
       <cn type='integer'>22</cn>
       <cn type='integer'>28</cn>
       <cn type='integer'>25</cn>
       <cn type='integer'>24</cn>
      </list>
      <list>
       <cn type='integer'>35</cn>
       <cn type='integer'>37</cn>
       <cn type='integer'>41</cn>
       <cn type='integer'>44</cn>
       <cn type='integer'>34</cn>
       <cn type='integer'>33</cn>
      </list>
      <list>
       <cn type='integer'>4</cn>
       <cn type='integer'>5</cn>
       <cn type='integer'>17</cn>
       <cn type='integer'>20</cn>
       <cn type='integer'>19</cn>
       <cn type='integer'>11</cn>
       <cn type='integer'>9</cn>
      </list>
      <list>
       <cn type='integer'>12</cn>
       <cn type='integer'>13</cn>
       <cn type='integer'>24</cn>
       <cn type='integer'>21</cn>
       <cn type='integer'>17</cn>
      </list>
      <list>
       <cn type='integer'>36</cn>
       <cn type='integer'>39</cn>
       <cn type='integer'>46</cn>
       <cn type='integer'>45</cn>
       <cn type='integer'>40</cn>
       <cn type='integer'>37</cn>
      </list>
      <list>
       <cn type='integer'>26</cn>
       <cn type='integer'>27</cn>
       <cn type='integer'>34</cn>
       <cn type='integer'>43</cn>
       <cn type='integer'>42</cn>
       <cn type='integer'>31</cn>
      </list>
      <list>
       <cn type='integer'>28</cn>
       <cn type='integer'>29</cn>
       <cn type='integer'>32</cn>
       <cn type='integer'>38</cn>
       <cn type='integer'>36</cn>
       <cn type='integer'>35</cn>
       <cn type='integer'>30</cn>
      </list>
      <list>
       <cn type='integer'>20</cn>
       <cn type='integer'>21</cn>
       <cn type='integer'>25</cn>
       <cn type='integer'>30</cn>
       <cn type='integer'>33</cn>
       <cn type='integer'>27</cn>
       <cn type='integer'>23</cn>
      </list>
      <list>
       <cn type='integer'>6</cn>
       <cn type='integer'>7</cn>
       <cn type='integer'>10</cn>
       <cn type='integer'>15</cn>
       <cn type='integer'>13</cn>
       <cn type='integer'>8</cn>
      </list>
      <list>
       <cn type='integer'>1</cn>
       <cn type='integer'>2</cn>
       <cn type='integer'>8</cn>
       <cn type='integer'>12</cn>
       <cn type='integer'>5</cn>
       <cn type='integer'>3</cn>
      </list>
     </list>
    </math>
   </Cells>
  </Tissue>
 </CellzillaModel>
</CellzillaML>