<?xml version='1.0' encoding='ASCII'?>
<!-- Generated 19 June 2009 at 18:00 GMT-06:60 -->
<!-- Generated by CelleratorML 1.0.5 (19 June 2009) -->
<!-- Generated using Mathematica Version 7.0 for Linux x86 (64-bit) (February 18, 2009) (Release 1)-->
<CelleratorML Version='1.0'>
 <ModelAnnotation>
  <CreationTime>2009-06-19T18:00:34</CreationTime>
  <MathematicaVersion>7.0 for Linux x86 (64-bit) (February 18, 2009)</MathematicaVersion>
  <MathematicaVersionNumber>7.</MathematicaVersionNumber>
  <MathematicaReleaseNumber>1</MathematicaReleaseNumber>
  <OperatingSystem>Linux x86 (64-bit)</OperatingSystem>
  <CharacterEncoding>ISO8859-1</CharacterEncoding>
  <Creator>mathman</Creator>
  <SoftwareTool>CelleratorML 1.0.5 (19 June 2009)</SoftwareTool>
  <Description>
   <html>This is a CelleratorML (XML) file.</html>
  </Description>
 </ModelAnnotation>
 <CelleratorModel Name='Model3'>
  <ListOfCelleratorReactions>
   <CelleratorReaction>
    <math xmlns='http://www.w3.org/1998/Math/MathML'>
     <list>
      <apply>
       <ci>Underoverscript</ci>
       <apply>
        <ci>DoubleLongLeftRightArrow</ci>
        <ci>X</ci>
        <ci>XP</ci>
       </apply>
       <ci>ZP</ci>
       <ci>Z</ci>
      </apply>
      <apply>
       <ci>MM</ci>
       <ci>K</ci>
       <ci>v</ci>
       <ci>K</ci>
       <ci>v</ci>
      </apply>
     </list>
    </math>
   </CelleratorReaction>
   <CelleratorReaction>
    <math xmlns='http://www.w3.org/1998/Math/MathML'>
     <list>
      <apply>
       <ci>Underoverscript</ci>
       <apply>
        <ci>DoubleLongLeftRightArrow</ci>
        <ci>Y</ci>
        <ci>YP</ci>
       </apply>
       <ci>XP</ci>
       <ci>X</ci>
      </apply>
      <apply>
       <ci>MM</ci>
       <ci>K</ci>
       <ci>v</ci>
       <ci>K</ci>
       <ci>v</ci>
      </apply>
     </list>
    </math>
   </CelleratorReaction>
   <CelleratorReaction>
    <math xmlns='http://www.w3.org/1998/Math/MathML'>
     <list>
      <apply>
       <ci>Underoverscript</ci>
       <apply>
        <ci>DoubleLongLeftRightArrow</ci>
        <ci>Z</ci>
        <ci>ZP</ci>
       </apply>
       <ci>YP</ci>
       <ci>Y</ci>
      </apply>
      <apply>
       <ci>MM</ci>
       <ci>K</ci>
       <ci>v</ci>
       <ci>K</ci>
       <ci>v</ci>
      </apply>
     </list>
    </math>
   </CelleratorReaction>
  </ListOfCelleratorReactions>
  <ListOfCelleratorParameters />
  <ListOfCelleratorIC>
   <InitialValue Identifier='X'
       Value='1' />
   <InitialValue Identifier='Y'
       Value='2' />
   <InitialValue Identifier='Z'
       Value='3' />
  </ListOfCelleratorIC>
 </CelleratorModel>
</CelleratorML>